donation_id,donation_revenue,donor_type
1,74.98,one-time
2,68.6,one-time
3,44.85,recurring
4,39.91,one-time
5,111.13,one-time
6,42.09,one-time
7,325.5,one-time
8,12.4,one-time
9,71.4,recurring
10,59.49,one-time
11,55.41,one-time
12,51.11,recurring
13,211.1,one-time
14,42.62,recurring
15,103.87,one-time
16,57.34,recurring
17,23.57,one-time
18,1.32,recurring
19,58.66,one-time
20,47.2,recurring
21,17.5,one-time
22,111.84,one-time
23,90.79,recurring
24,96.12,one-time
25,94.6,one-time
26,42.4,recurring
27,79.67,one-time
28,76.42,recurring
29,18.45,one-time
30,86.24,recurring
31,129.66, 
32,58.53,one-time
33,55,recurring
34,73.91,one-time
35,120.12,one-time
36,74.55,one-time
37,52.43,one-time
38,14.16,one-time
39,74.67,recurring
40,66.86,one-time
41,51.05,one-time
42,3.06,one-time
43,136.22,one-time
44,58.81,one-time
45,86.87,one-time
46,63.97,one-time
47,117.98,one-time
48,46.56,one-time
49,14.3,one-time
50,49.21,one-time
51,21.2,one-time
52,48.35,one-time
53,98.94,one-time
54,98.42,one-time
55,63.52,one-time
56,201.73,one-time
57,41.54,one-time
58,115.44,one-time
59,29.41,one-time
60,36.07,one-time
61,83.92,one-time
62,48.37,recurring
63,12,one-time
64,10.54,one-time
65,78.86,one-time
66,16.58,one-time
67,172.86,one-time
68,55.29,recurring
69,44.15,one-time
70,19.38,recurring
71,134.37,one-time
72,49.07,one-time
73,288.77,one-time
74,57.3,recurring
75,75.69,recurring
76,45.25,one-time
77,118.08,one-time
78,67.5,recurring
79,58.37,recurring
80,66.37,one-time
81,30.75,recurring
82,224.25,one-time
83,158.83,one-time
84,41.61,recurring
85,88.95,recurring
86,42.23,one-time
87,46.43,one-time
88,51.04,recurring
89,40.21,recurring
90,109.67,one-time
91,80.18,one-time
92,18.16,recurring
93,164.71,one-time
94,1.13,one-time
95,14.3, 
96,24.63,one-time
97,55,recurring
98,19.05,one-time
99,-1.29,recurring
100,160.24,one-time
101,88.07,one-time
102,111.84,one-time
103,14.45,recurring
104,21.23, 
105,82.91,one-time
106,38.69,one-time
107,218.7,one-time
108,87.27,one-time
109,36.14,recurring
110,110.31,one-time
111,55.19,one-time
112,69.52,one-time
113,23.29,one-time
114,240.01,one-time
115,90.87,recurring
116,147.98,one-time
117,40.13,one-time
118,20.39,recurring
119,54.24,recurring
120,63.28,recurring
121,89.53,recurring
122,188.29,recurring
123,145.76,one-time
124,26.9,one-time
125,13.4,one-time
126,25.56,recurring
127,36.86,one-time
128,32.7,one-time
129,98.53,recurring
130,40.08,recurring
131,53.03,one-time
132,189.04,one-time
133,69.74,one-time
134,86.13,recurring
135,73.38,recurring
136,107.05,recurring
137,82.02,recurring
138,63.72,recurring
139,65.68,recurring
140,138.29,recurring
141,64.77,recurring
142,72.73,recurring
143,93.77,recurring
144,29.44,recurring
145,95.01,recurring
146,26.06,one-time
147,65.31,one-time
148,13.98,recurring
149,30.01,recurring
150,57.52,one-time
151,29.39,one-time
152,62.34,one-time
153,12,one-time
154,79.07,recurring
155,50.15,recurring
156,43.47,one-time
157,278.81,one-time
158,80.49, 
159,55,recurring
160,28.24,one-time
161,81.6,one-time
162,72.73,one-time
163,46.86,one-time
164,55.34,one-time
165,125.47,one-time
166,68.87,one-time
167,32.15,one-time
168,33.95,one-time
169,48.33,one-time
170,29.5,one-time
171,247.05,recurring
172,7.46,recurring
173,122.32,recurring
174,17.66,recurring
175,103.83,one-time
176,48.86,recurring
177,45.73,recurring
178,176.07,recurring
179,12,recurring
180,166.03,recurring
181,39,recurring
182,41.59,recurring
183,33.67,one-time
184,144.47,recurring
185,30.51,one-time
186,20.26,recurring
187,33.32,recurring
188,100.75,one-time
189,26.93,recurring
190,85.86,one-time
191,10.75,one-time
192,82.95,one-time
193,67.99,one-time
194,57.3,recurring
195,192.31,one-time
196,48.47,one-time
197,157.19,one-time
198,244.79,one-time
199,35.37,one-time
200,21.51,one-time
201,17.95,one-time
202,58.26,one-time
203,127.36,one-time
204,356.93,one-time
205,216.46,one-time
206,170.35,one-time
207,135.46,one-time
208,104.18,one-time
209,30.29,one-time
210,253.29,one-time
211,5.14,one-time
212,273.37,one-time
213,174.25,one-time
214,23.49,one-time
215,203.39,one-time
216,37.03,recurring
217,96.93,recurring
218,45.02,recurring
219,12,recurring
220,15.37,recurring
221,164.17,recurring
222,252.94,one-time
223,37.17,one-time
224,55,recurring
225,29.26,one-time
226,110.44,one-time
227,26.13,one-time
228,38.83,one-time
229,18.78,one-time
230,12,one-time
231,51.41,one-time
232,10,one-time
233,19.24,one-time
234,38.17,one-time
235,23.04,one-time
236,111.53,one-time
237,12,recurring
238,55.96,one-time
239,57.3,recurring
240,77.46,one-time
241,78.81,recurring
242,18.66,recurring
243,134.05,recurring
244,25.68,recurring
245,57.3,recurring
246,86.04,recurring
247,3.63,recurring
248,150.39,recurring
249,61.47,recurring
250,58.52,one-time
251,42.39,one-time
252,12.3, 
253,14.75,one-time
254,61.17,one-time
255,26.91,one-time
256,76.96,one-time
257,102.86,one-time
258,112.83,one-time
259,62,recurring
260,40.85,one-time
261,134.81,one-time
262,55,recurring
263,72.93,one-time
264,309.38,one-time
265,44.96,recurring
266,33,one-time
267,95.22,recurring
268,11.89,recurring
269,48.62,one-time
270,41.81,recurring
271,42.66,one-time
272,51.67,recurring
273,295.81,one-time
274,86.37,recurring
275,15.04,recurring
276,94.76,recurring
277,181.3,recurring
278,55.41,recurring
279,220.88,one-time
280,97.86,one-time
281,18.15,one-time
282,9.87,one-time
283,78.7,one-time
284,82.91,one-time
285,76.01,one-time
286,88.47,one-time
287,4.11,recurring
288,63.18,one-time
289,31.79,one-time
290,6.35,one-time
291,72.68,one-time
292,83.07,one-time
293,24.75,recurring
294,193.54,recurring
295,30.58,one-time
296,164.47,one-time
297,59.08,recurring
298,266.55,one-time
299,49.39,recurring
300,155.14,one-time
301,43.82,recurring
302,135.38,one-time
303,17.11,one-time
304,82.52,one-time
305,29.04,one-time
306,129.14,one-time
307,67.78,one-time
308,97.57,one-time
309,41.93,one-time
310,100.51,one-time
311,18.1,one-time
312,65.64,one-time
313,141.68,one-time
314,17.61,one-time
315,83.3,recurring
316,190.21,one-time
317,193.5,recurring
318,36.66,recurring
319,107.5,recurring
320,62.35,recurring
321,62.46,recurring
322,21.26,recurring
323,14.66,one-time
324,267.35,one-time
325,101.92,one-time
326,31.13,one-time
327,242.53,one-time
328,139.94,one-time
329,82.58,one-time
330,90.96,recurring
331,201.95,recurring
332,118.61,recurring
333,65,one-time
334,231.51,recurring
335,165.83,recurring
336,69.88,one-time
337,57.3,recurring
338,87.86,one-time
339,90.17,one-time
340,84.72,recurring
341,131.82,one-time
342,225.17,recurring
343,29.84,recurring
344,139.34,recurring
345,24.24,one-time
346,18.76,recurring
347,204.1,one-time
348,97.87,one-time
349,81.23,one-time
350,138.12,one-time
351,93.18,one-time
352,36.57,one-time
353,118.63,recurring
354,52.7,recurring
355,20.88,recurring
356,23.26,one-time
357,49.82,recurring
358,38.09,one-time
359,22.78, 
360,44.25,one-time
361,116.51,one-time
362,50.94,recurring
363,48.97,one-time
364,40.7,one-time
365,145.2,one-time
366,90,one-time
367,28.25,one-time
368,37.18,one-time
369,255.55,one-time
370,69.96,one-time
371,116.83,recurring
372,201.61,recurring
373,47.68,recurring
374,51.4,recurring
375,130.01,recurring
376,18.68,recurring
377,91.48,one-time
378,17.57,one-time
379,55,recurring
380,93.19,one-time
381,107.26,recurring
382,4.79,recurring
383,120.65,recurring
384,56.31,recurring
385,83.66, 
386,86.61,one-time
387,54.53,one-time
388,42.5,one-time
389,114.32,one-time
390,212.09,one-time
391,37.72,one-time
392,10.28,recurring
393,67.44,recurring
394,77.53,one-time
395,99.54,one-time
396,35.66,recurring
397,136.96,recurring
398,171.67,recurring
399,14.22,recurring
400,230.5,recurring
401,57.58,recurring
402,2.49,recurring
403,54.14,recurring
404,56.92,recurring
405,148.22,one-time
406,62.74,one-time
407,14.3,one-time
408,34.15,one-time
409,297.56,one-time
410,83.25,one-time
411,136.07,one-time
412,85.68,one-time
413,244.42,one-time
414,83.96,recurring
415,15.96,one-time
416,90.95,one-time
417,23.37,one-time
418,32.72,one-time
419,12.95,recurring
420,109.95,one-time
421,15.38,recurring
422,24.4,recurring
423,128.05,one-time
424,45.23,recurring
425,177.25,recurring
426,221.99,one-time
427,37.18,recurring
428,186.02,recurring
429,44.9,recurring
430,112.61,one-time
431,90.56,recurring
432,151.3,one-time
433,99.39,recurring
434,103.26,recurring
435,17.28,one-time
436,173.82,one-time
437,26.11,one-time
438,43.65,one-time
439,55,recurring
440,34.69,one-time
441,25.12,one-time
442,32.61,one-time
443,111.61, 
444,39.64,recurring
445,10,recurring
446,17.63,recurring
447,56.6,recurring
448,71.39,recurring
449,112.9,recurring
450,50.7,recurring
451,166.88,recurring
452,83.43,recurring
453,35.7,recurring
454,64.26,recurring
455,83.64,one-time
456,57.3,recurring
457,34.78,one-time
458,89.89,one-time
459,89.1,recurring
460,31.48,one-time
461,12,recurring
462,253.29,one-time
463,166.92,one-time
464,75.03,recurring
465,225.18,one-time
466,40.08,recurring
467,162.33,one-time
468,15.19,recurring
469,22.51,recurring
470,125.06,recurring
471,55,recurring
472,12.81,recurring
473,19.95,one-time
474,36.9,one-time
475,57.59,one-time
476,64.76,recurring
477,173.25,recurring
478,3.93,one-time
479,286.55,recurring
480,4.34,one-time
481,53.78,recurring
482,21.39,recurring
483,117.96,recurring
484,70.21,one-time
485,27.13,recurring
486,89.18,one-time
487,55,recurring
488,68.81,one-time
489,31.82,one-time
490,81.81,recurring
491,184.87,one-time
492,21.51,one-time
493,104.96,one-time
494,67.78,one-time
495,68.39,one-time
496,92.34,one-time
497,112.21,one-time
498,8.1,recurring
499,50.03,one-time
500,20.56,one-time
501,51.47,one-time
502,48.13,one-time
503,42.28,one-time
504,8.07,one-time
505,86.23,one-time
506,65.25,one-time
507,116.26,one-time
508,117.56,one-time
509,68.45,recurring
510,36.5,one-time
511,130.02,one-time
512,56.32,one-time
513,28.12,one-time
514,47.72,one-time
515,191.46,one-time
516,34.07,recurring
517,39.14,one-time
518,137.89, 
519,55,recurring
520,142.61,one-time
521,42.77,recurring
522,28.54,one-time
523,101.69,recurring
524,223.66,one-time
525,232.92,recurring
526,33.57,recurring
527,62.21,one-time
528,14.2,recurring
529,18.11,one-time
530,11.33, 
531,93.28,one-time
532,78.35,recurring
533,43.91,one-time
534,151.5,one-time
535,26.74,one-time
536,54.17,one-time
537,100.94,one-time
538,73.34,one-time
539,54.66,recurring
540,69.01,recurring
541,34.03,one-time
542,22.75,one-time
543,13.36,one-time
544,23.72,one-time
545,132.9,one-time
546,69.56,one-time
547,57.24,recurring
548,51.99,one-time
549,143.17,one-time
550,59.6,one-time
551,18.12,one-time
552,44.81,one-time
553,258.09,one-time
554,20.8,one-time
555,52.19,one-time
556,117.48,one-time
557,4.76,one-time
558,90.82,one-time
559,139.04,one-time
560,36.95,one-time
561,97.09,one-time
562,49.39,one-time
563,161.7,one-time
564,115.54,one-time
565,70.31,one-time
566,94.02,one-time
567,88.03,one-time
568,268.67,one-time
569,47.74,recurring
570,92.41,one-time
571,331.74,one-time
572,69.58,one-time
573,109.07,one-time
574,176.5,one-time
575,24.93,one-time
576,48.79,one-time
577,40.54,recurring
578,30.45,one-time
579,75.47,one-time
580,22.72,one-time
581,10.08,recurring
582,90.47,recurring
583,18.76,one-time
584,62.48,recurring
585,13.67,one-time
586,86.77,one-time
587,15.84,recurring
588,54.08,one-time
589,160.52,one-time
590,39.43,recurring
591,130.75,recurring
592,31.28,one-time
593,34.43,one-time
594,114.17,one-time
595,19.98,one-time
596,135.47,one-time
597,100.96,one-time
598,23.07,one-time
599,68.71,one-time
600,52.57,recurring
601,43.69,one-time
602,28.51,one-time
603,160.05,one-time
604,271.63,one-time
605,62.87,one-time
606,14.26, 
607,109.52,one-time
608,173.26,one-time
609,74.03, 
610,242.64,one-time
611,144.88,one-time
612,81.86,one-time
613,241.67,one-time
614,11.03,one-time
615,101.59,one-time
616,73.9,one-time
617,43.46,recurring
618,34.94,one-time
619,72.91,one-time
620,88.2,one-time
621,250.8,one-time
622,39.94,one-time
623,111.8,one-time
624,92.42,one-time
625,58.5,one-time
626,87.18,one-time
627,18.17,one-time
628,12.3,one-time
629,9.94,one-time
630,52.43,recurring
631,81.69,one-time
632,31.45,one-time
633,8.44,one-time
634,129.6,one-time
635,44.03,one-time
636,12.05,one-time
637,280.7,one-time
638,55.03,one-time
639,72.67,one-time
640,77.46,one-time
641,40.17,one-time
642,51.25,recurring
643,12,one-time
644,43.14,recurring
645,182.35,one-time
646,136.88, 
647,200.75,one-time
648,12.63,one-time
649,158.56,one-time
650,79.67,one-time
651,145.82,one-time
652,66.74,one-time
653,125.21,one-time
654,65.81,recurring
655,10.47,one-time
656,91.31,one-time
657,169.58,one-time
658,153.12,one-time
659,67.59,one-time
660,55,recurring
661,189.7,one-time
662,17.04,one-time
663,203.06,one-time
664,170.86,one-time
665,80.65,one-time
666,199.91,one-time
667,46.22,one-time
668,54.34,one-time
669,237.78,one-time
670,31.94,one-time
671,89.15,one-time
672,4.32,one-time
673,141.99,one-time
674,16.14, 
675,136.8,one-time
676,48.08,one-time
677,107.59,one-time
678,75.81,one-time
679,154.9,one-time
680,47.02,one-time
681,49.35,one-time
682,256.97,one-time
683,68.35,one-time
684,48.88,one-time
685,174.37,one-time
686,32.5,one-time
687,137.61, 
688,155.42,one-time
689,62.78,one-time
690,90.18,one-time
691,50.86,one-time
692,176.99,one-time
693,48.01,one-time
694,144.41,one-time
695,46.3,one-time
696,13.97,one-time
697,64.51,recurring
698,43.01,recurring
699,55,recurring
700,70.3,recurring
701,5.4,one-time
702,165.7,one-time
703,22.05,one-time
704,174.91,one-time
705,2.29,one-time
706,32,one-time
707,17.06,one-time
708,172.39,one-time
709,135.88,one-time
710,149.97,one-time
711,92.05,one-time
712,104.78,one-time
713,82.81,one-time
714,11,one-time
715,119.06,one-time
716,65.66,one-time
717,122.3,one-time
718,100.21,one-time
719,86.87,one-time
720,77.07,one-time
721,67.04,one-time
722,10.68,one-time
723,5.61,one-time
724,12,one-time
725,17.09,one-time
726,57.3,recurring
727,68.79,one-time
728,142.29,one-time
729,47.57,one-time
730,127.58,one-time
731,49.67,one-time
732,26.23,one-time
733,203.1,one-time
734,57.3,recurring
735,23.96,one-time
736,65.23,one-time
737,105.84,one-time
738,53.19,one-time
739,22.55, 
740,88.28,one-time
741,53.78,one-time
742,146.67,one-time
743,11.8,one-time
744,111.13,one-time
745,18.03,one-time
746,32.53,one-time
747,41.14,recurring
748,51.95,one-time
749,64.82,one-time
750,159.48,one-time
751,18.83,one-time
752,15.73,one-time
753,14.75,recurring
754,37.83,one-time
755,91.98,one-time
756,166.9,one-time
757,113.82,one-time
758,10.1,one-time
759,135.22,one-time
760,30.97,one-time
761,83.17,one-time
762,68.01,one-time
763,158.6,one-time
764,70.56,one-time
765,82.54,one-time
766,95.61,one-time
767,-1.03,one-time
768,78.13,one-time
769,51.37,one-time
770,62.82,one-time
771,147.14, 
772,57.3,recurring
773,42.48,one-time
774,17.72,one-time
775,80.17,one-time
776,57.07,recurring
777,48.24,one-time
778,10,one-time
779,87.51,one-time
780,76.37,recurring
781,162.02,one-time
782,160.64,one-time
783,46.93,one-time
784,76.96,one-time
785,21.55,one-time
786,45.01,one-time
787,28.95,one-time
788,62.87,recurring
789,22.86,one-time
790,53.05,recurring
791,10.18,one-time
792,19.36,one-time
793,35.51,one-time
794,69.41,one-time
795,56.81,one-time
796,137.13,one-time
797,139.7, 
798,115.07,one-time
799,58.43,one-time
800,147.73,one-time
801,197.69,one-time
802,43.93,one-time
803,147.22,one-time
804,74.85,one-time
805,3.38,one-time
806,49.47,one-time
807,44.12,one-time
808,78.41, 
809,117.03,one-time
810,18.92,one-time
811,93.9,one-time
812,128.29,one-time
813,121.43,one-time
814,110.67,one-time
815,193.33,one-time
816,275.36,one-time
817,115.28,one-time
818,68.04,one-time
819,24.13,one-time
820,92.62,one-time
821,62.8,one-time
822,139.89,one-time
823,139.61,one-time
824,54.74,one-time
825,43.28,one-time
826,60.73,one-time
827,95.43,recurring
828,79.17,one-time
829,83.84,one-time
830,41.26,one-time
831,10,recurring
832,197.17,one-time
833,52.18,one-time
834,270.86,one-time
835,88.17,one-time
836,77.31,one-time
837,44.66,one-time
838,254.56,one-time
839,110.76,one-time
840,22.17,one-time
841,46.35,one-time
842,11.91,one-time
843,104.18,one-time
844,258.03,one-time
845,35.96,one-time
846,123.91,one-time
847,60.78,one-time
848,31.08,recurring
849,178.27,one-time
850,93.08,one-time
851,26.45,one-time
852,161.45,one-time
853,47.89,one-time
854,54.98,recurring
855,77.26,one-time
856,26.9,one-time
857,75.18,one-time
858,81.71,one-time
859,10.87,one-time
860,66.65,one-time
861,80.27,one-time
862,81.18,one-time
863,78.68,one-time
864,98.51,one-time
865,27.79,one-time
866,142.29,one-time
867,33.9,one-time
868,89.09,recurring
869,321.71,one-time
870,40.57,one-time
871,101.17,one-time
872,116.25,one-time
873,47.22,one-time
874,81.28,one-time
875,34.88,one-time
876,89.9,one-time
877,82.46,one-time
878,21.28,one-time
879,132.46,one-time
880,127.47,one-time
881,201.24,one-time
882,10,one-time
883,11.55,one-time
884,38.95,one-time
885,93.07,one-time
886,263.13,one-time
887,156.26,one-time
888,36.47,one-time
889,67.45,one-time
890,189.34,one-time
891,16.87,one-time
892,13.51,one-time
893,47.82,one-time
894,72.29,one-time
895,148.98,one-time
896,170.32,one-time
897,49.07,one-time
898,55,recurring
899,31.29,one-time
900,57.95,one-time
901,115.51,one-time
902,61.74,one-time
903,95.61,one-time
904,103.87,one-time
905,35.45,recurring
906,10.16,recurring
907,87.89,one-time
908,21.49,one-time
909,11.69,recurring
910,218.09,one-time
911,204.07,one-time
912,41.25,one-time
913,52.4,one-time
914,178.02,one-time
915,120.69,one-time
916,127.71,one-time
917,67.22,one-time
918,1.97,recurring
919,51.76, 
920,49.38,one-time
921,88.26,one-time
922,288.16,one-time
923,72.34,one-time
924,67.76,one-time
925,57.13,one-time
926,40.4,one-time
927,43.28,one-time
928,185.1,one-time
929,130.68,recurring
930,55,recurring
931,118.75,one-time
932,85.03,one-time
933,271.02,one-time
934,36.79,recurring
935,87.01,one-time
936,73.35,one-time
937,25.78, 
938,19.8,recurring
939,409.15,one-time
940,13.03,recurring
941,119.62,one-time
942,80.59,one-time
943,235.2,one-time
944,58.92,recurring
945,76.7,one-time
946,205.53,recurring
947,119.32, 
948,12,one-time
949,118.66,one-time
950,61.25,one-time
951,115.42,one-time
952,58.32,one-time
953,173.49,one-time
954,58.05,one-time
955,7.17,one-time
956,53.65,one-time
957,57.3,recurring
958,28.05,one-time
959,21.83,one-time
960,14.3,one-time
961,44.77,recurring
962,76.37,one-time
963,21.05,one-time
964,83.76,one-time
965,265.1,one-time
966,55,recurring
967,103.58,one-time
968,59.6, 
969,97.22,one-time
970,346.24,one-time
971,38.47, 
972,43.84,recurring
973,94.63,one-time
974,61.17, 
975,156.97,one-time
976,39.72,one-time
977,75.94,one-time
978,102.31,one-time
979,86.87,one-time
980,94.53,one-time
981,99.01,one-time
982,37.04,recurring
983,66.09,one-time
984,221.65,one-time
985,56.54,one-time
986,64.39,one-time
987,259.68,one-time
988,62.16,one-time
989,55,recurring
990,127.66,one-time
991,65.91,one-time
992,55,recurring
993,41.81,one-time
994,137.63,one-time
995,58.78,one-time
996,146.13,one-time
997,104.24,one-time
998,79.71,one-time
999,31.74,one-time
1000,26.33,one-time
1001,241.95, 
1002,33.04,recurring
1003,119.17,one-time
1004,150.65,one-time
1005,118.63,one-time
1006,100.73,one-time
1007,65.36,one-time
1008,71.82,one-time
1009,34.2,one-time
1010,23.67,one-time
1011,21.7,one-time
1012,103.39,one-time
1013,145.52,one-time
1014,7.14,one-time
1015,44.24,recurring
1016,63.72,one-time
1017,58.05,one-time
1018,127.03,one-time
1019,50.11,one-time
1020,101.18,one-time
1021,57.57,one-time
1022,195.84,one-time
1023,20.22,one-time
1024,26.11,recurring
1025,18.39,recurring
1026,12.49,one-time
1027,55,recurring
1028,50.75,one-time
1029,27.1,recurring
1030,71.22, 
1031,32.56,one-time
1032,41.12,recurring
1033,42.02,one-time
1034,154.98,one-time
1035,62.92,one-time
1036,135.92,one-time
1037,45.15,one-time
1038,25.61,one-time
1039,246.43,one-time
1040,34.7,one-time
1041,47.75,recurring
1042,7.32,recurring
1043,100.24,one-time
1044,216.47,one-time
1045,55.4,one-time
1046,44.03,one-time
1047,25.86,one-time
1048,1.93,one-time
1049,55.44,one-time
1050,67.81,one-time
1051,51.25,recurring
1052,56.34,one-time
1053,39.08,one-time
1054,92.48,one-time
1055,89.02,one-time
1056,66.5,one-time
1057,43.14,one-time
1058,19.03,one-time
1059,252.64,one-time
1060,104.09,one-time
1061,80.78,one-time
1062,28.18,one-time
1063,60.02,one-time
1064,27.91,one-time
1065,140.14,one-time
1066,69.65,one-time
1067,106.05,one-time
1068,118.92,one-time
1069,221.94,one-time
1070,42.72,one-time
1071,101.96,recurring
1072,66.24,one-time
1073,197.11,one-time
1074,149.76,one-time
1075,39.59,one-time
1076,19.59,one-time
1077,28.77,one-time
1078,111.57,one-time
1079,179.51,one-time
1080,4.37,recurring
1081,102.22,one-time
1082,452.93,one-time
1083,59.68,one-time
1084,26.39,one-time
1085,34.75,recurring
1086,27.18,one-time
1087,74.02,one-time
1088,201.07,one-time
1089,88.2,one-time
1090,62.49,recurring
1091,49.14,one-time
1092,62.16,one-time
1093,109.17,one-time
1094,42.34,one-time
1095,29.08,one-time
1096,108.77,one-time
1097,71.54,one-time
1098,142.97,one-time
1099,50.89,one-time
1100,82.9,one-time
1101,55,recurring
1102,74.71,one-time
1103,16.91, 
1104,2.66,one-time
1105,51.25,recurring
1106,68.32,one-time
1107,81.52,recurring
1108,41.53,one-time
1109,110.8,one-time
1110,166.67,one-time
1111,319.51,one-time
1112,141.43,one-time
1113,38.53,one-time
1114,55,recurring
1115,6.74,recurring
1116,50.63,one-time
1117,67.86,recurring
1118,132.48,one-time
1119,29.13,one-time
1120,50.27,one-time
1121,110.98,one-time
1122,52.76,one-time
1123,51.25,recurring
1124,44.23,one-time
1125,12,one-time
1126,15.97,one-time
1127,128.41,one-time
1128,6.62,recurring
1129,144.67,one-time
1130,68.04,one-time
1131,24.49,one-time
1132,25.45,one-time
1133,95.59,one-time
1134,206.47,one-time
1135,19.28,one-time
1136,-4.14,one-time
1137,155.6,one-time
1138,66.36,one-time
1139,79.84,one-time
1140,18.86,one-time
1141,85.53,one-time
1142,31.28,one-time
1143,50.42,one-time
1144,200.16,one-time
1145,0.34,one-time
1146,10,one-time
1147,9.45,one-time
1148,10.28,one-time
1149,112.03,one-time
1150,40.54,one-time
1151,68.34,one-time
1152,148.12,one-time
1153,112.46,one-time
1154,91.52,one-time
1155,23.71, 
1156,36.34,one-time
1157,28.23,one-time
1158,119.76,one-time
1159,35.81,one-time
1160,94.02,one-time
1161,40.82,one-time
1162,55,recurring
1163,120.06,one-time
1164,313.44,one-time
1165,87.6,one-time
1166,41.14,one-time
1167,291.67,one-time
1168,39.76,one-time
1169,91.4,one-time
1170,65.57,recurring
1171,99.06,one-time
1172,79.79,one-time
1173,138.6,one-time
1174,164.91,one-time
1175,18.4,recurring
1176,49.93,one-time
1177,112.59,one-time
1178,21.28,one-time
1179,65.76,recurring
1180,95.95,one-time
1181,32.99,one-time
1182,123.72,one-time
1183,40.48,one-time
1184,68.96,one-time
1185,138.42,one-time
1186,87.53,one-time
1187,172.52,one-time
1188,45.8,one-time
1189,70.72,one-time
1190,19.99,one-time
1191,42.68,one-time
1192,87.47,one-time
1193,72.71,recurring
1194,99.47,one-time
1195,24.59,recurring
1196,75.04,one-time
1197,228.08,one-time
1198,121.45,one-time
1199,135.6,one-time
1200,61.45,recurring
1201,25.37,recurring
1202,15.63,one-time
1203,171.18,one-time
1204,107.55,one-time
1205,56.67,one-time
1206,15.97,one-time
1207,42.37,one-time
1208,62.23,one-time
1209,37.08,one-time
1210,113.46,one-time
1211,30.93,recurring
1212,49.77,one-time
1213,51.28,one-time
1214,-1.95,one-time
1215,106.15,one-time
1216,103.9,one-time
1217,26.91,one-time
1218,398.95,one-time
1219,-1.74,one-time
1220,91.07,one-time
1221,96.27,one-time
1222,55.32,one-time
1223,55,recurring
1224,4.47,one-time
1225,20.47,one-time
1226,314.64,one-time
1227,134.78,one-time
1228,75.18,one-time
1229,77.03,one-time
1230,147.37,one-time
1231,9.17,one-time
1232,3,one-time
1233,124.51,one-time
1234,14.23,one-time
1235,58.58,one-time
1236,23.85,one-time
1237,6.73,one-time
1238,87.77,one-time
1239,111.59,one-time
1240,53.33,one-time
1241,108.02,one-time
1242,6.32,one-time
1243,103.41,one-time
1244,75.26,one-time
1245,65.32,one-time
1246,16.2,one-time
1247,93.12,one-time
1248,139.2,one-time
1249,67.16,one-time
1250,59.35,one-time
1251,123.13,one-time
1252,11.22,one-time
1253,168.92,one-time
1254,79.11,one-time
1255,122.17,one-time
1256,108.68,one-time
1257,206.82,one-time
1258,185.59,one-time
1259,37.36,one-time
1260,203.49,one-time
1261,39.22,one-time
1262,9.53,one-time
1263,202.19,one-time
1264,17.45,one-time
1265,47.48, 
1266,103.7,one-time
1267,81.38,one-time
1268,231.08,one-time
1269,158.5,one-time
1270,10.19,recurring
1271,235.05,one-time
1272,279.6,one-time
1273,82.31,one-time
1274,109.67,one-time
1275,224.67,one-time
1276,170.94,one-time
1277,164.71,one-time
1278,68.81,one-time
1279,109.67,one-time
1280,55,recurring
1281,145.23,one-time
1282,21.8,one-time
1283,25.98,one-time
1284,41.92,one-time
1285,51.34,one-time
1286,63.84,one-time
1287,22.55,one-time
1288,10,one-time
1289,186.07,one-time
1290,66.16,one-time
1291,96.33,one-time
1292,95.76,one-time
1293,119.55,one-time
1294,55,recurring
1295,235.86,one-time
1296,38.33,one-time
1297,72.97,one-time
1298,60.14,one-time
1299,35.79,one-time
1300,166.02,one-time
1301,64.53,one-time
1302,170.78,one-time
1303,81.23,one-time
1304,37.61,one-time
1305,168.23,one-time
1306,296.32,one-time
1307,124.77,one-time
1308,36.91,one-time
1309,225.42,one-time
1310,7.36,one-time
1311,104.33,one-time
1312,89.24,one-time
1313,93.57,one-time
1314,66.84,one-time
1315,79.15,one-time
1316,28.75,one-time
1317,132.62,one-time
1318,46.52,recurring
1319,75.89,one-time
1320,51.25,recurring
1321,117.6,one-time
1322,23.77,one-time
1323,80.6,one-time
1324,40.47,one-time
1325,128.64,one-time
1326,214.61,one-time
1327,63.95,recurring
1328,12,one-time
1329,115.55,one-time
1330,78.47,one-time
1331,162.6,one-time
1332,93.57,one-time
1333,53.3,recurring
1334,93.56,one-time
1335,575.63,one-time
1336,65.39,one-time
1337,43.27, 
1338,129.27,one-time
1339,18.3,one-time
1340,55,recurring
1341,47.9,one-time
1342,86.61,one-time
1343,49.76,recurring
1344,28.01,recurring
1345,133.04,one-time
1346,141.98,one-time
1347,230.14,one-time
1348,28.38,one-time
1349,183.43, 
1350,62.99,one-time
1351,76.27, 
1352,147,one-time
1353,111.69,one-time
1354,109.84,one-time
1355,41.28,one-time
1356,32.61,one-time
1357,57.3,one-time
1358,66.41,one-time
1359,11.84,one-time
1360,102.12,one-time
1361,36.54,one-time
1362,159.59,one-time
1363,191.44,one-time
1364,79.19,one-time
1365,86.17,one-time
1366,49.36,one-time
1367,73.81,one-time
1368,64.71,one-time
1369,27.58,one-time
1370,52.91,one-time
1371,56.5,one-time
1372,43.06,recurring
1373,57.3,recurring
1374,144.82,one-time
1375,69.14,one-time
1376,138,one-time
1377,8.54,one-time
1378,55,recurring
1379,19.5,one-time
1380,37.34,one-time
1381,121.2,one-time
1382,72.91,one-time
1383,124.81,one-time
1384,132.67,one-time
1385,85.48,one-time
1386,36.3,one-time
1387,57.3,recurring
1388,102.56,one-time
1389,14.3,recurring
1390,56.51,one-time
1391,150.27,one-time
1392,53.61,one-time
1393,20.64,one-time
1394,93.84,one-time
1395,56.89,one-time
1396,48.54,one-time
1397,101.95,one-time
1398,231.47,one-time
1399,185.49,one-time
1400,113.11,one-time
1401,13.16,one-time
1402,17.98,one-time
1403,141.08,one-time
1404,61.61,one-time
1405,61.24,one-time
1406,49.78,one-time
1407,75.37,recurring
1408,62.37,one-time
1409,141.89,one-time
1410,149.47,one-time
1411,95.87,one-time
1412,71.14,one-time
1413,15.47,one-time
1414,27.62,one-time
1415,57.3,recurring
1416,81.73,one-time
1417,45.72,one-time
1418,13.8,one-time
1419,80.23,one-time
1420,105.84,one-time
1421,248.58,one-time
1422,25.07,one-time
1423,47.54,one-time
1424,229.02,one-time
1425,101.79,one-time
1426,29.69,one-time
1427,124.07,one-time
1428,67.52,one-time
1429,67.82,one-time
1430,118.15,one-time
1431,176.35,one-time
1432,121.86,one-time
1433,8.24,one-time
1434,54.07,one-time
1435,8.16,one-time
1436,10,one-time
1437,149.25,one-time
1438,65.29,one-time
1439,63.32,one-time
1440,129.22,one-time
1441,48.41,one-time
1442,71.49,one-time
1443,108.78,one-time
1444,72.2,recurring
1445,35.34,recurring
1446,58.78,one-time
1447,117.14,one-time
1448,290.24,one-time
1449,116.68,one-time
1450,81.35,one-time
1451,43,one-time
1452,163.8,one-time
1453,21.42,one-time
1454,53.16,one-time
1455,184.28,one-time
1456,20.12,one-time
1457,64.05,one-time
1458,55.42,one-time
1459,75.17,one-time
1460,142.28,one-time
1461,131.29,one-time
1462,124.61,one-time
1463,30.63,recurring
1464,15.97,one-time
1465,94.94,one-time
1466,55,recurring
1467,8.53,one-time
1468,73.28,one-time
1469,-1.91,one-time
1470,129.93,one-time
1471,71.64,one-time
1472,198.98,one-time
1473,12,one-time
1474,134.64,one-time
1475,250.73,one-time
1476,75.76,one-time
1477,108.35,one-time
1478,59.24,one-time
1479,77.27,one-time
1480,221.21,one-time
1481,176.07,one-time
1482,33.17,one-time
1483,22.29, 
1484,42.53,one-time
1485,58.1,one-time
1486,18.48,one-time
1487,197.33,one-time
1488,53.44,one-time
1489,89.15,one-time
1490,48.3,one-time
1491,226.79,one-time
1492,53.13,one-time
1493,72.68,one-time
1494,58.68,one-time
1495,40.26,one-time
1496,30.92,one-time
1497,52.97,one-time
1498,14.71, 
1499,17.44,one-time
1500,307.47,one-time
1501,53.3,one-time
1502,576.29,one-time
1503,52.81,one-time
1504,30.7,one-time
1505,78.38,one-time
1506,144.88,one-time
1507,113.27,one-time
1508,55,recurring
1509,13.89,one-time
1510,21.47,one-time
1511,149.52,one-time
1512,72.5,one-time
1513,55,recurring
1514,186.74,one-time
1515,61.6,one-time
1516,14.3,one-time
1517,12,one-time
1518,27.23,recurring
1519,150.69,one-time
1520,66.75,one-time
1521,94.2,one-time
1522,21.63,one-time
1523,200.32,one-time
1524,156.45,one-time
1525,73.51,one-time
1526,26.74,one-time
1527,6.44,one-time
1528,31.66,one-time
1529,19.26,one-time
1530,66.87,one-time
1531,81.69,one-time
1532,101.43,one-time
1533,14.3,one-time
1534,264.32,one-time
1535,135.68,one-time
1536,118.98, 
1537,4.87,one-time
1538,149.92,one-time
1539,57.31,one-time
1540,35.26,one-time
1541,10,one-time
1542,48.07,one-time
1543,155.08,one-time
1544,341.34,one-time
1545,211.89,one-time
1546,99.7,one-time
1547,64.66,one-time
1548,41.3,one-time
1549,75.74,one-time
1550,55,recurring
1551,16.75,one-time
1552,32.57,one-time
1553,100.59,recurring
1554,240.48,one-time
1555,24.8,one-time
1556,88.83,one-time
1557,59.54,one-time
1558,142.49,one-time
1559,70.17,one-time
1560,91.26,one-time
1561,73.94,one-time
1562,119.03,one-time
1563,5.39,recurring
1564,272.77,one-time
1565,20.61,one-time
1566,25.42,one-time
1567,98.12,one-time
1568,166.82,one-time
1569,40.88,one-time
1570,155.72,one-time
1571,27.05,one-time
1572,100.44,one-time
1573,122,one-time
1574,152.22,one-time
1575,59.82,one-time
1576,77.13,one-time
1577,230.16,one-time
1578,99.37,one-time
1579,57.3,recurring
1580,66.25,one-time
1581,25.36,one-time
1582,35.38,one-time
1583,92.93,one-time
1584,71.33, 
1585,128.63,one-time
1586,168.47,one-time
1587,105.8,one-time
1588,129.58,one-time
1589,70.58,one-time
1590,20.38,one-time
1591,39.27,recurring
1592,215.49, 
1593,337.15,one-time
1594,8.25,one-time
1595,251.69,one-time
1596,38.9,one-time
1597,42.41,one-time
1598,58.43,one-time
1599,122.56,one-time
1600,209.52,one-time
1601,110.72,one-time
1602,67.93,one-time
1603,12,one-time
1604,84.27,one-time
1605,112.6,one-time
1606,51.6,one-time
1607,175.15,one-time
1608,62.01,one-time
1609,198.35,one-time
1610,31.42,one-time
1611,124.65,one-time
1612,32.81,one-time
1613,25.47,one-time
1614,42.37,one-time
1615,38.82,one-time
1616,30.15,one-time
1617,139.23,one-time
1618,59.06,one-time
1619,37.35,one-time
1620,66.68,one-time
1621,14.61,one-time
1622,76.88,one-time
1623,67.81,one-time
1624,144.01,one-time
1625,6.46,one-time
1626,210.63,one-time
1627,87.34,one-time
1628,197.74,one-time
1629,126.13,one-time
1630,130.23, 
1631,35.97,one-time
1632,95.73,recurring
1633,100.4,one-time
1634,89.64,one-time
1635,55,recurring
1636,41.92,one-time
1637,105.04,one-time
1638,80.37,one-time
1639,72.9,recurring
1640,12,one-time
1641,162.09,one-time
1642,110.49,one-time
1643,141.06,one-time
1644,13,recurring
1645,55,recurring
1646,96.72,one-time
1647,32.85,one-time
1648,68.37,one-time
1649,79.22,one-time
1650,57.15,one-time
1651,33.26,one-time
1652,41.09,one-time
1653,96.25,one-time
1654,58.58,one-time
1655,191.18,one-time
1656,78.49,one-time
1657,52.33,one-time
1658,170.33,one-time
1659,115.8,one-time
1660,10.91,one-time
1661,57.3,recurring
1662,84.49,one-time
1663,136.37,one-time
1664,218.36,one-time
1665,179.57,one-time
1666,70.14,one-time
1667,87.11,one-time
1668,48.8,one-time
1669,102.34,one-time
1670,43.01,one-time
1671,274.98,one-time
1672,67.69,one-time
1673,185.77,one-time
1674,48.51,one-time
1675,118.67,one-time
1676,69.64,one-time
1677,122.41,one-time
1678,8.25,one-time
1679,55,recurring
1680,193.01,one-time
1681,73.96,one-time
1682,36.55,one-time
1683,61.49,one-time
1684,43.23,one-time
1685,49.59,one-time
1686,119.89,one-time
1687,111.84,one-time
1688,75.46,one-time
1689,312.19,one-time
1690,148.41,one-time
1691,132.5,one-time
1692,119.81,one-time
1693,106.05,one-time
1694,58.53,recurring
1695,15.85,one-time
1696,84.81,one-time
1697,39.33,one-time
1698,20.63,one-time
1699,30.97,one-time
1700,23.13,one-time
1701,17.12,one-time
1702,10.33,one-time
1703,17.55,one-time
1704,279.78,one-time
1705,5.67,one-time
1706,106.54,one-time
1707,112.48,one-time
1708,106.7,one-time
1709,203.5,one-time
1710,3.49,one-time
1711,18.9,one-time
1712,8.05,one-time
1713,51.74,one-time
1714,322.93,one-time
1715,29.52,one-time
1716,62.06,one-time
1717,7.23,one-time
1718,10.7,recurring
1719,124.51,one-time
1720,71.55,one-time
1721,154.32,one-time
1722,55,recurring
1723,121.46,one-time
1724,192.84,one-time
1725,70.72,one-time
1726,52.18,one-time
1727,80.54,recurring
1728,14.7,one-time
1729,86.35,one-time
1730,36.21,one-time
1731,82.99,one-time
1732,7.68,one-time
1733,104.1,one-time
1734,76.78,one-time
1735,55,recurring
1736,206.61,one-time
1737,54.07,recurring
1738,18.13,one-time
1739,55,recurring
1740,120.43,one-time
1741,63.65,one-time
1742,119.56,one-time
1743,26,one-time
1744,96.04,recurring
1745,45.12,recurring
1746,187.11,one-time
1747,60.24,one-time
1748,57.83,one-time
1749,12.11,one-time
1750,70.79,one-time
1751,249.34,one-time
1752,34.06,recurring
1753,25.94,one-time
1754,22.95,one-time
1755,60.84,one-time
1756,16.17,one-time
1757,-3.43,one-time
1758,19.79,one-time
1759,12.3,one-time
1760,66.66,one-time
1761,8.25,one-time
1762,16.46,one-time
1763,58.98,one-time
1764,156.62, 
1765,87.12,one-time
1766,8.25,one-time
1767,75.05,one-time
1768,53.07,one-time
1769,127.28,one-time
1770,44.74,one-time
1771,70.35,one-time
1772,25.39,one-time
1773,7.16,one-time
1774,100.86,one-time
1775,95.61,one-time
1776,55,recurring
1777,157.38,one-time
1778,201.27,one-time
1779,28.84,one-time
1780,101.31,one-time
1781,55.38,one-time
1782,45.24,one-time
1783,208.28,one-time
1784,43.63,one-time
1785,82.23,one-time
1786,338.04,one-time
1787,216.02,one-time
1788,124.71,one-time
1789,124.86,one-time
1790,37.91,one-time
1791,26.39,one-time
1792,16.24,one-time
1793,147.76,one-time
1794,65.99,one-time
1795,191.55,one-time
1796,34.41,one-time
1797,27.5,one-time
1798,9.98,one-time
1799,41.07,one-time
1800,89.88,one-time
1801,113.02,one-time
1802,49.66,recurring
1803,51.25,recurring
1804,161.24,one-time
1805,55.53,one-time
1806,195.93,one-time
1807,24.7,one-time
1808,71.66,one-time
1809,126.16,one-time
1810,26.63,one-time
1811,48.32,one-time
1812,258.39,one-time
1813,123.77,one-time
1814,74.22,one-time
1815,183.63,one-time
1816,64.65,one-time
1817,79.79,one-time
1818,72.03,one-time
1819,233.23,one-time
1820,53.41,one-time
1821,43.52,recurring
1822,175.37,one-time
1823,83.3,one-time
1824,23.46,one-time
1825,94.22,one-time
1826,51.73,one-time
1827,51.25,recurring
1828,31.21,recurring
1829,90.7,one-time
1830,102.94,one-time
1831,55,recurring
1832,75.79,one-time
1833,37.07,one-time
1834,164.11,one-time
1835,21.93,one-time
1836,80.35,one-time
1837,35.57,recurring
1838,172.18,one-time
1839,224.8,one-time
1840,52.86,one-time
1841,143.93,one-time
1842,8.89,one-time
1843,81.79,recurring
1844,85.88,one-time
1845,144.47,one-time
1846,59.17,recurring
1847,220.02,one-time
1848,44.37,one-time
1849,77.57,one-time
1850,167.75,one-time
1851,40.91,one-time
1852,46.87,one-time
1853,16.6,recurring
1854,175.75,one-time
1855,67.54,one-time
1856,25.35,one-time
1857,113.32,one-time
1858,102.23,one-time
1859,97.29,one-time
1860,38.98,one-time
1861,55,recurring
1862,251.21,one-time
1863,60.71,one-time
1864,92.04,one-time
1865,32.94,recurring
1866,95.94,one-time
1867,96.62,one-time
1868,49.41,one-time
1869,144.45,one-time
1870,133.13,one-time
1871,25.63,one-time
1872,37.54,one-time
1873,93.53,one-time
1874,113.82,one-time
1875,30.22,one-time
1876,29.13,one-time
1877,113.9,one-time
1878,95.18,one-time
1879,30.86,one-time
1880,12,one-time
1881,36.85,one-time
1882,109.6,one-time
1883,218.17,one-time
1884,213.52,one-time
1885,25.9,one-time
1886,146.02,one-time
1887,55,recurring
1888,176.34,one-time
1889,60.45,one-time
1890,80.42,one-time
1891,66.4,one-time
1892,58.22,one-time
1893,238.88,one-time
1894,23.75,one-time
1895,53.05,one-time
1896,122.26,one-time
1897,33.72,one-time
1898,249.01,one-time
1899,54.19,one-time
1900,162.91,one-time
1901,77.36,one-time
1902,20.58,one-time
1903,30.11,one-time
1904,11.88,one-time
1905,189.91,one-time
1906,128.75,one-time
1907,112.13,one-time
1908,50.64,one-time
1909,57.92,one-time
1910,60.5,one-time
1911,177.41,one-time
1912,83.06,one-time
1913,205.43,one-time
1914,55,recurring
1915,245.12,one-time
1916,58.32,one-time
1917,58.11,one-time
1918,233.37,one-time
1919,108.77,one-time
1920,167.72,one-time
1921,128.77,one-time
1922,117.94,one-time
1923,132.83,one-time
1924,153.46,one-time
1925,95.9,one-time
1926,106.47,one-time
1927,30.15,one-time
1928,36.6,one-time
1929,42.41,one-time
1930,93.72,one-time
1931,64.86,one-time
1932,98.64,one-time
1933,89.56,one-time
1934,166.57,one-time
1935,248.2,one-time
1936,137.15,one-time
1937,24.2,one-time
1938,79.94,one-time
1939,41.23,one-time
1940,95.4,one-time
1941,31.28,one-time
1942,102.06,one-time
1943,388.66,one-time
1944,13.96,one-time
1945,77.43,one-time
1946,47.62,one-time
1947,80.74,one-time
1948,91.07,one-time
1949,404.95,one-time
1950,103.05,one-time
1951,150.71,one-time
1952,142.93,one-time
1953,-2.15,recurring
1954,338.88,one-time
1955,103.65,one-time
1956,30.92,one-time
1957,85.74,one-time
1958,49.95,one-time
1959,68.32,one-time
1960,39.59,one-time
1961,30.08,one-time
1962,49.42,one-time
1963,88.09,one-time
1964,98.48,one-time
1965,7.76,one-time
1966,39.01,one-time
1967,15.87,one-time
1968,67.2,one-time
1969,277.29,one-time
1970,25.36,one-time
1971,39.2,recurring
1972,80.64,one-time
1973,170.7,one-time
1974,22.52,recurring
1975,186.99,one-time
1976,28.18,one-time
1977,27.3,one-time
1978,22.79,one-time
1979,60.33,one-time
1980,27.78,recurring
1981,149.43,one-time
1982,16.19,recurring
1983,87.63,recurring
1984,49.48,one-time
1985,88.64,one-time
1986,93.5,one-time
1987,53.23,one-time
1988,86.91,recurring
1989,89.84,one-time
1990,104.37,one-time
1991,27.31,recurring
1992,43.49,one-time
1993,45.47,recurring
1994,217.51,one-time
1995,115.85,one-time
1996,19.29,one-time
1997,43.09,one-time
1998,23.86,recurring
1999,74.53,one-time
2000,152.37,one-time
2001,27.12,one-time
2002,160.21,one-time
2003,7.82,one-time
2004,59.85,one-time
2005,96.78,recurring
2006,107.9,one-time
2007,71.48,one-time
2008,217.38,one-time
2009,65.45,one-time
2010,50.64,one-time
2011,81.15,one-time
2012,111.23,one-time
2013,87.6,one-time
2014,123.34,one-time
2015,69.45, 
2016,16.11,one-time
2017,68.84,one-time
2018,165.75,one-time
2019,50,one-time
2020,115.49,one-time
2021,155.36,one-time
2022,31.79,one-time
2023,74.77,one-time
2024,22.4,one-time
2025,24.02,one-time
2026,55.05,one-time
2027,72.08,one-time
2028,62.24,one-time
2029,77.93,one-time
2030,243.62,one-time
2031,37.24,one-time
2032,76.42,one-time
2033,40.31,one-time
2034,28.72,one-time
2035,12.9,one-time
2036,105.17,one-time
2037,23.5,one-time
2038,29.15,one-time
2039,49.57,one-time
2040,90.87,one-time
2041,42.01,one-time
2042,112.94,one-time
2043,235.35,one-time
2044,130.7,one-time
2045,77.08,one-time
2046,70.9,one-time
2047,51.25,recurring
2048,65.79,one-time
2049,95.89,one-time
2050,165.46,one-time
2051,37.86,one-time
2052,51.1,one-time
2053,37.97,one-time
2054,77.08,one-time
2055,41.55,one-time
2056,119.65,one-time
2057,55,recurring
2058,17.75,one-time
2059,77.19,one-time
2060,58.39,one-time
2061,134.65,one-time
2062,14.3,one-time
2063,73.93,one-time
2064,46.94,recurring
2065,49.22,recurring
2066,123.83,one-time
2067,127.4,one-time
2068,61.1,one-time
2069,88.74,one-time
2070,102.98,one-time
2071,60.53,one-time
2072,42.54,one-time
2073,49.61,one-time
2074,118.9,one-time
2075,9.08,one-time
2076,23.36,one-time
2077,125.33,one-time
2078,57.3,recurring
2079,94.14,one-time
2080,57.3,recurring
2081,125.79,one-time
2082,50.07,one-time
2083,10,recurring
2084,97.66,one-time
2085,24.25,one-time
2086,133.04,one-time
2087,43.81,one-time
2088,58.71,recurring
2089,113.33,one-time
2090,13.15,one-time
2091,58.87,one-time
2092,151.49,one-time
2093,57.16,one-time
2094,139.03,one-time
2095,18.36,one-time
2096,71.66,one-time
2097,76.27,one-time
2098,29.67,one-time
2099,188.29,one-time
2100,87.35,one-time
2101,55.94,one-time
2102,307.15,one-time
2103,46.55,one-time
2104,184.78,one-time
2105,162.62,one-time
2106,228.69,one-time
2107,20.51,one-time
2108,10,recurring
2109,48.29,recurring
2110,87.74,one-time
2111,64.19,one-time
2112,35.6,one-time
2113,53.98,one-time
2114,75.39,one-time
2115,121.45,one-time
2116,201.7,one-time
2117,167.15,one-time
2118,102.5,one-time
2119,42.32,recurring
2120,23.52,one-time
2121,62.76,one-time
2122,28.7,one-time
2123,67.78,one-time
2124,39.54,one-time
2125,86.16,one-time
2126,152.6,one-time
2127,208.13,one-time
2128,46.02,one-time
2129,63.33,one-time
2130,142.17,one-time
2131,169.91,one-time
2132,145.52,one-time
2133,67.74,one-time
2134,49.84,one-time
2135,22.51,recurring
2136,53.39,one-time
2137,17.71,one-time
2138,134.57,one-time
2139,150.82,one-time
2140,45.56,one-time
2141,40.85,one-time
2142,25.08,one-time
2143,60.29,one-time
2144,103.12,one-time
2145,77.89,one-time
2146,62.18,one-time
2147,127.12,one-time
2148,35.48,one-time
2149,53.05,one-time
2150,143.17,one-time
2151,40.96,recurring
2152,27.45,recurring
2153,80.19,one-time
2154,191.62,one-time
2155,86.38,one-time
2156,51.09,one-time
2157,10,one-time
2158,19.38,recurring
2159,16.69,one-time
2160,67.45,one-time
2161,143.93,one-time
2162,112.7,one-time
2163,27.03,one-time
2164,35.2,one-time
2165,21.54,one-time
2166,26.71,one-time
2167,30.87,one-time
2168,80.22,one-time
2169,104.7,one-time
2170,80.05,one-time
2171,57.3,recurring
2172,65.26,one-time
2173,49.63,one-time
2174,62.44,one-time
2175,42.7,one-time
2176,199.97,one-time
2177,144.83,one-time
2178,150.43,one-time
2179,74.36,one-time
2180,24.62,one-time
2181,63.75,recurring
2182,101.2,one-time
2183,90.13,one-time
2184,148.54,one-time
2185,74.88,one-time
2186,84.49,one-time
2187,38.02,one-time
2188,10.25,one-time
2189,144.81,one-time
2190,27.32,one-time
2191,56.91,one-time
2192,187.84,one-time
2193,23.31,one-time
2194,54.27,one-time
2195,17.79,one-time
2196,74.29,one-time
2197,42.79,one-time
2198,268.04,one-time
2199,168.34,one-time
2200,60.46,one-time
2201,106.75,one-time
2202,32.76,one-time
2203,62.14,one-time
2204,58.82,one-time
2205,79.97,one-time
2206,133.39,one-time
2207,75.76,one-time
2208,48.8,recurring
2209,99.73,one-time
2210,132.08,one-time
2211,106.3,one-time
2212,38.53,one-time
2213,21.37,recurring
2214,23.81,recurring
2215,112.87,one-time
2216,260.03,one-time
2217,39.92,one-time
2218,62.69,one-time
2219,92.72,one-time
2220,52.24,one-time
2221,27.99,recurring
2222,77.37,one-time
2223,182.09,one-time
2224,62.19,one-time
2225,10,one-time
2226,31.68,one-time
2227,64.85,one-time
2228,32.67,one-time
2229,18.4,one-time
2230,387.06,one-time
2231,18.19,one-time
2232,37.53,one-time
2233,127.5,one-time
2234,80.02,one-time
2235,58.17,one-time
2236,26.9,one-time
2237,10,one-time
2238,14.17,one-time
2239,32.09,one-time
2240,38.45,recurring
2241,155.48,one-time
2242,32.9,one-time
2243,92.96,one-time
2244,324.72,one-time
2245,239.13,one-time
2246,143.49,one-time
2247,89.68,one-time
2248,55,recurring
2249,47.75,one-time
2250,46.05,one-time
2251,89.93,one-time
2252,49.61,one-time
2253,221.43,one-time
2254,82.22,one-time
2255,175.79,one-time
2256,75.94,one-time
2257,140.34,one-time
2258,46.02,one-time
2259,68.9,one-time
2260,247.58,one-time
2261,181.39,one-time
2262,85.28,one-time
2263,97.92,recurring
2264,130.32,one-time
2265,21.24,one-time
2266,21.37,one-time
2267,131.81,one-time
2268,87.14, 
2269,118.96,one-time
2270,12, 
2271,71.03,one-time
2272,40.13,one-time
2273,106.14,one-time
2274,55.92,one-time
2275,62.66,one-time
2276,103.76,one-time
2277,63.85,one-time
2278,172.03,one-time
2279,19.34,one-time
2280,185.82,one-time
2281,83.81,one-time
2282,114.65,one-time
2283,126.87,one-time
2284,5.52,one-time
2285,7.79,one-time
2286,103.33,one-time
2287,106.64,one-time
2288,158.58,one-time
2289,142.47,one-time
2290,94.39,one-time
2291,55,recurring
2292,77.64,recurring
2293,77.82,one-time
2294,82.12,one-time
2295,40.64,one-time
2296,59.59,one-time
2297,93.52,one-time
2298,86.3,one-time
2299,66.92,one-time
2300,79.4,one-time
2301,62.3,one-time
2302,46.29,one-time
2303,72.16,one-time
2304,15.06,recurring
2305,53.88,one-time
2306,60.72,one-time
2307,195.19,one-time
2308,45.63,one-time
2309,129,one-time
2310,62.87,recurring
2311,61.06,one-time
2312,105.23,one-time
2313,5.84,one-time
2314,55,recurring
2315,117.3,one-time
2316,110.46,one-time
2317,37.77,one-time
2318,83.87,one-time
2319,193.23,one-time
2320,307.85,one-time
2321,32.75,one-time
2322,189.98,one-time
2323,369.68,one-time
2324,37.23,one-time
2325,198.07,one-time
2326,51,one-time
2327,68.67,one-time
2328,154.79,one-time
2329,210.26, 
2330,38.66,one-time
2331,102.59,one-time
2332,52.02,one-time
2333,37.04,one-time
2334,102.38,one-time
2335,19.31,one-time
2336,246.12,one-time
2337,186.58,one-time
2338,113.04,one-time
2339,25.1,one-time
2340,60.73,one-time
2341,12.08,one-time
2342,31.77,one-time
2343,9.85,one-time
2344,100.74,one-time
2345,52.82,one-time
2346,22.92,one-time
2347,179.78,one-time
2348,15.7,recurring
2349,27.7,recurring
2350,44.51,one-time
2351,57.78,one-time
2352,34.57,one-time
2353,31.02,one-time
2354,56.03,recurring
2355,77.28,one-time
2356,7.59,one-time
2357,39.46,one-time
2358,150.5,one-time
2359,55.1,one-time
2360,147.01,one-time
2361,140.64,one-time
2362,28.52,one-time
2363,202.84,one-time
2364,188.45,one-time
2365,61.9,one-time
2366,88.66,one-time
2367,20.22,recurring
2368,52.06,one-time
2369,81.03,one-time
2370,225.35,one-time
2371,156.28,one-time
2372,34.07,one-time
2373,154.35,one-time
2374,44.57,one-time
2375,55.04,one-time
2376,128.67,one-time
2377,88.83,one-time
2378,89.28,one-time
2379,30.22,one-time
2380,42.3,one-time
2381,125.97,one-time
2382,105.76,one-time
2383,32.44,recurring
2384,133.96,one-time
2385,223.2,one-time
2386,384.07,one-time
2387,46.16,one-time
2388,51.94,one-time
2389,47.54,one-time
2390,365.47,one-time
2391,32.1,one-time
2392,81.53,one-time
2393,156.19,one-time
2394,34.93,one-time
2395,82.92,one-time
2396,88.08,one-time
2397,170.16,one-time
2398,112.76,one-time
2399,36.62,one-time
2400,25.26,one-time
2401,145.17,one-time
2402,44.81,one-time
2403,140.33,one-time
2404,208.89,one-time
2405,134.09,one-time
2406,35.64,one-time
2407,141.13,one-time
2408,166.07,one-time
2409,37.02,one-time
2410,190.19,one-time
2411,42.5,one-time
2412,241.55, 
2413,34.42,one-time
2414,45.82,one-time
2415,10,one-time
2416,56.69,one-time
2417,55.11,one-time
2418,92.75,one-time
2419,113.02,one-time
2420,37.69,one-time
2421,73.69,recurring
2422,48.44,one-time
2423,72.85,one-time
2424,117.48,one-time
2425,117.78,one-time
2426,163.94,one-time
2427,327.57,one-time
2428,45.25,one-time
2429,58.94,one-time
2430,213.1,one-time
2431,58.57,one-time
2432,175.3,one-time
2433,8.25,one-time
2434,192.7,one-time
2435,82.32,one-time
2436,25.69,one-time
2437,55.28,one-time
2438,45.5,one-time
2439,7.75,one-time
2440,261.01,one-time
2441,25.63,one-time
2442,41.67,one-time
2443,169.54,one-time
2444,14.3,one-time
2445,69.55,one-time
2446,55,recurring
2447,2.79,one-time
2448,81.08,one-time
2449,138.41,one-time
2450,32.07,recurring
2451,31.75,one-time
2452,33.98,one-time
2453,86.9,recurring
2454,16.16,one-time
2455,225.01,one-time
2456,20.7,one-time
2457,153,one-time
2458,-2.57,one-time
2459,153.15,one-time
2460,154.43,one-time
2461,59.97,one-time
2462,107.75,one-time
2463,110.32,one-time
2464,37.64,one-time
2465,77.71,one-time
2466,67.11,one-time
2467,61.87,one-time
2468,30.03,one-time
2469,71.44,one-time
2470,15.37,one-time
2471,69.71,one-time
2472,25.26,one-time
2473,96.34,recurring
2474,278.1,one-time
2475,101.77,one-time
2476,37.52,recurring
2477,18.58,one-time
2478,29.94,one-time
2479,65.21,one-time
2480,44.17,one-time
2481,211.67,one-time
2482,56.25,one-time
2483,163.99,one-time
2484,423.67,one-time
2485,278.3,one-time
2486,31.2,one-time
2487,29,recurring
2488,226.45,one-time
2489,10,one-time
2490,22.45,one-time
2491,21.38,one-time
2492,60.35,one-time
2493,103.97,one-time
2494,121.92,one-time
2495,76.18,one-time
2496,150.09,one-time
2497,12.92,one-time
2498,76.15,recurring
2499,222.55,one-time
2500,221.78,one-time
2501,12.38,one-time
2502,143.65,one-time
2503,59.32,one-time
2504,235.82,one-time
2505,44.33,one-time
2506,53.27,one-time
2507,137.94,one-time
2508,80.52,one-time
2509,35.31,one-time
2510,60.69,one-time
2511,69.63,one-time
2512,175.3,one-time
2513,45.86,one-time
2514,38.51,one-time
2515,23.07,one-time
2516,23.04,one-time
2517,83.9,one-time
2518,113.19,one-time
2519,64.87,one-time
2520,28.65,one-time
2521,16.77,one-time
2522,7.71,one-time
2523,104.87,one-time
2524,69.12,one-time
2525,25.05,one-time
2526,23.66,one-time
2527,70.22,one-time
2528,8.25,one-time
2529,8.36,one-time
2530,40.34,one-time
2531,222.23,one-time
2532,24.48,one-time
2533,70.56,one-time
2534,40.52,one-time
2535,57.3,recurring
2536,111.66,one-time
2537,55,recurring
2538,83.11,one-time
2539,15.23,one-time
2540,170.95, 
2541,9.35,one-time
2542,93.96,one-time
2543,56.35,one-time
2544,111.33,one-time
2545,22.19,one-time
2546,211.58,one-time
2547,30.2,one-time
2548,162.89,one-time
2549,85.67,one-time
2550,92.68,one-time
2551,243.66,one-time
2552,243.86,one-time
2553,44.1,one-time
2554,64.49,one-time
2555,57.3,recurring
2556,11.61,one-time
2557,76.69,recurring
2558,34.16,one-time
2559,87.9,one-time
2560,68.04,one-time
2561,40.39,recurring
2562,75.86,one-time
2563,123.6,one-time
2564,15.48,one-time
2565,188.11,one-time
2566,174.99,one-time
2567,55,recurring
2568,57.68,one-time
2569,15.18, 
2570,73.68, 
2571,30.99,one-time
2572,299.56,one-time
2573,49.53,recurring
2574,29.3,one-time
2575,8.16,one-time
2576,28.07,one-time
2577,53.12,one-time
2578,318.36,one-time
2579,70.13,one-time
2580,50.44,one-time
2581,13.44,one-time
2582,69.37,one-time
2583,33.44,one-time
2584,52.6,one-time
2585,83.69,recurring
2586,50.62,one-time
2587,48.61,one-time
2588,14.55,one-time
2589,31.8,one-time
2590,56.86,one-time
2591,321.77,one-time
2592,7.14,one-time
2593,99.66,one-time
2594,42.12,one-time
2595,49.1,recurring
2596,76.4,one-time
2597,166.5,one-time
2598,109.01,one-time
2599,117.36,one-time
2600,170.26,one-time
2601,118.87,one-time
2602,86.2,one-time
2603,18.88,one-time
2604,60.43,one-time
2605,104.42,one-time
2606,52.03,one-time
2607,228.73,one-time
2608,7.95,one-time
2609,113.29,one-time
2610,20.99,one-time
2611,31.89,one-time
2612,12,one-time
2613,20.57,one-time
2614,12,one-time
2615,67.46,one-time
2616,38.05,one-time
2617,68.1,one-time
2618,50.77,one-time
2619,44.42,one-time
2620,149.98,one-time
2621,88.2,one-time
2622,54.37,one-time
2623,55.73,one-time
2624,29.74,recurring
2625,124.84, 
2626,101.5,one-time
2627,72.78,one-time
2628,10.93,one-time
2629,53.26,one-time
2630,9.84,one-time
2631,145.69,one-time
2632,38.53,one-time
2633,222.56,one-time
2634,67.27,one-time
2635,183.71,one-time
2636,50.45,one-time
2637,193.59,one-time
2638,199.34,one-time
2639,12.76,one-time
2640,220.54,one-time
2641,64.42,one-time
2642,15.09,one-time
2643,9.38,recurring
2644,59.26,one-time
2645,29.34,one-time
2646,122.46,one-time
2647,26.64,one-time
2648,33.2,one-time
2649,22.38,one-time
2650,124.25,one-time
2651,195.96,one-time
2652,113.29,one-time
2653,19.24,one-time
2654,19.09,one-time
2655,251.29,one-time
2656,57.3,recurring
2657,87.66,one-time
2658,47.66,one-time
2659,23.25,one-time
2660,106.48,one-time
2661,30.02,one-time
2662,41.83,one-time
2663,71.8,recurring
2664,23.63, 
2665,83.01,one-time
2666,30.39,one-time
2667,13.16,one-time
2668,15.9,one-time
2669,8.25,one-time
2670,57.83,one-time
2671,97.22,one-time
2672,43.02,one-time
2673,136.52,one-time
2674,50.36,one-time
2675,156.01,one-time
2676,123.68,one-time
2677,239.27,one-time
2678,36.77,one-time
2679,23.99,one-time
2680,215.76,one-time
2681,61.88,one-time
2682,47.5,one-time
2683,144.51,one-time
2684,89.52,one-time
2685,40.53,one-time
2686,138.91,one-time
2687,270.6,one-time
2688,-4.6,one-time
2689,19.62,one-time
2690,75.57,recurring
2691,170.79,one-time
2692,84.1,one-time
2693,116.59,one-time
2694,151.9,one-time
2695,54.54,one-time
2696,166.06,one-time
2697,85.32,recurring
2698,118.39,one-time
2699,41.05,one-time
2700,90.32,one-time
2701,66.51,one-time
2702,61.98,one-time
2703,190.14, 
2704,44.86,one-time
2705,14.57,one-time
2706,67.88,one-time
2707,100.43,recurring
2708,57.36,one-time
2709,161.88,one-time
2710,119.8,one-time
2711,7.73,one-time
2712,94.3,one-time
2713,17.86,one-time
2714,4.74,one-time
2715,120.81,one-time
2716,86.99,one-time
2717,57.3,recurring
2718,106.02,one-time
2719,38.24,one-time
2720,27.33,one-time
2721,148.43,one-time
2722,105.65,one-time
2723,99.58,one-time
2724,188.04, 
2725,133.94,one-time
2726,278.52,one-time
2727,64.47,one-time
2728,57.68,one-time
2729,15.85,one-time
2730,62.91,one-time
2731,84.73,one-time
2732,59.11,recurring
2733,14.34,one-time
2734,223.67,one-time
2735,16.64,one-time
2736,11.2,one-time
2737,91.48,recurring
2738,29.46,one-time
2739,148.64,one-time
2740,81.38,one-time
2741,52.86,one-time
2742,193.43,one-time
2743,14.3,one-time
2744,83.97, 
2745,117.58,one-time
2746,344.66,one-time
2747,14.3,one-time
2748,18.53,one-time
2749,91.71,one-time
2750,115.26,one-time
2751,140.5,one-time
2752,47.66,one-time
2753,31.22,one-time
2754,56.05,one-time
2755,94.04,one-time
2756,124.34,one-time
2757,79.43,recurring
2758,87.72,one-time
2759,95.26,one-time
2760,112.4,one-time
2761,73.84,one-time
2762,85.51, 
2763,40.87,one-time
2764,178.52,one-time
2765,39.32,one-time
2766,123.88,one-time
2767,56.08,one-time
2768,58.11,one-time
2769,206.95,one-time
2770,262.34,one-time
2771,140.15,one-time
2772,51.64,one-time
2773,91.3,recurring
2774,7.31,one-time
2775,216.39,one-time
2776,27.19,one-time
2777,61.62,one-time
2778,16.33,recurring
2779,248.7,one-time
2780,23.28,one-time
2781,34.93,one-time
2782,20.53,one-time
2783,37.97,one-time
2784,68.57,one-time
2785,1.93,recurring
2786,27.37,one-time
2787,9.8,one-time
2788,82.63,one-time
2789,55,recurring
2790,271.14,one-time
2791,89.46,one-time
2792,37.29,one-time
2793,130.87,one-time
2794,21.35,recurring
2795,2.47,one-time
2796,9.1,one-time
2797,11.71,one-time
2798,132.05,one-time
2799,33.09,one-time
2800,54.41,one-time
2801,88.03,one-time
2802,241.26,one-time
2803,8.25,one-time
2804,50.15,one-time
2805,102.94,one-time
2806,37.58,one-time
2807,47.22,one-time
2808,55.3,one-time
2809,107.25,one-time
2810,211.42,one-time
2811,115.67,one-time
2812,57.3,recurring
2813,116.84,one-time
2814,19.35,one-time
2815,36.35,one-time
2816,83,one-time
2817,108.12,one-time
2818,10.67,one-time
2819,113.42,one-time
2820,90.84,one-time
2821,92.87,one-time
2822,201.48,one-time
2823,62.1,one-time
2824,118.94,one-time
2825,243.34,one-time
2826,20.86,one-time
2827,163, 
2828,55,recurring
2829,70.86, 
2830,153.14,one-time
2831,81.12,one-time
2832,83.69,one-time
2833,76.5,one-time
2834,57.3,recurring
2835,98.38,one-time
2836,102.84,one-time
2837,55,recurring
2838,50.45,one-time
2839,162.75,one-time
2840,90.37,recurring
2841,46.59,one-time
2842,42.7,one-time
2843,27.65,one-time
2844,78.98,recurring
2845,22.06,one-time
2846,110.36,one-time
2847,85.17,recurring
2848,117.84,one-time
2849,47.97,one-time
2850,16.94,one-time
2851,167.2,one-time
2852,57.3,recurring
2853,22.01,one-time
2854,211.63,one-time
2855,196.05,one-time
2856,41.61,one-time
2857,25.73,one-time
2858,32.43,one-time
2859,139.98, 
2860,55.51,one-time
2861,120.04, 
2862,103.89,one-time
2863,34.69,one-time
2864,15.2,one-time
2865,68.36,one-time
2866,234.97,one-time
2867,22.65,one-time
2868,35.21,recurring
2869,42.97,one-time
2870,32.07,one-time
2871,6.52,one-time
2872,106.9,one-time
2873,113.99,one-time
2874,11.76,recurring
2875,77.02,one-time
2876,82.87,one-time
2877,242.29,one-time
2878,15.06,recurring
2879,22.75,one-time
2880,125.85,one-time
2881,128.86,one-time
2882,14.88,one-time
2883,188,one-time
2884,14.3,one-time
2885,31.47,one-time
2886,52.45,one-time
2887,242.02,one-time
2888,20.61,one-time
2889,15.97,one-time
2890,94.64,one-time
2891,159.24,one-time
2892,55,recurring
2893,43.82,one-time
2894,36.37,one-time
2895,63.07,one-time
2896,34.52,one-time
2897,131.23,one-time
2898,103.59,one-time
2899,83.64,one-time
2900,194.25,one-time
2901,118.01,one-time
2902,10.4,one-time
2903,23.96,one-time
2904,53.63,one-time
2905,39.13,one-time
2906,39.93,one-time
2907,98.65,one-time
2908,14.12,one-time
2909,159.16,one-time
2910,53.34,one-time
2911,33.86,one-time
2912,241.57,one-time
2913,42.77,one-time
2914,35.2,one-time
2915,47.2,one-time
2916,131.04,one-time
2917,13.56,recurring
2918,105.26,one-time
2919,57.82,recurring
2920,114.05,one-time
2921,149.16,one-time
2922,20.88,one-time
2923,69.53,one-time
2924,43.97,recurring
2925,12.31,one-time
2926,50.95,one-time
2927,80.92,one-time
2928,105.95,one-time
2929,30.01,one-time
2930,31.52,one-time
2931,21.06, 
2932,29.54,recurring
2933,252.77,one-time
2934,101.11,one-time
2935,114.04,one-time
2936,106.81,one-time
2937,28.29,one-time
2938,262.19,one-time
2939,120.38,one-time
2940,159.15,one-time
2941,147.36,one-time
2942,68.55,one-time
2943,4.63,one-time
2944,59.36,one-time
2945,78.82,one-time
2946,114.08,one-time
2947,60.29,one-time
2948,53.63,one-time
2949,137.81,one-time
2950,113.45,one-time
2951,369.56,one-time
2952,33.5,one-time
2953,39.38,recurring
2954,212.95,one-time
2955,36.42,one-time
2956,132.41,one-time
2957,14.7,one-time
2958,73.34,recurring
2959,211.71,one-time
2960,186.55,one-time
2961,75.85,one-time
2962,98.66,one-time
2963,4.7,one-time
2964,28.13,one-time
2965,71.19,one-time
2966,58.36,one-time
2967,10.06,recurring
2968,55,recurring
2969,39.09,one-time
2970,14.3,one-time
2971,35.89,one-time
2972,21.65,one-time
2973,103.64,one-time
2974,143.09,one-time
2975,151.48,one-time
2976,34.22,one-time
2977,73.15,one-time
2978,17.08,recurring
2979,73.07,one-time
2980,64.72,one-time
2981,76,recurring
2982,82.75,one-time
2983,21.04,one-time
2984,43.37,one-time
2985,32.57,one-time
2986,46.83,one-time
2987,196.98,one-time
2988,51.25,recurring
2989,28.98,one-time
2990,203.2,one-time
2991,154.18,one-time
2992,118.12,one-time
2993,161.21,one-time
2994,289.9,one-time
2995,87.24,recurring
2996,74.34,one-time
2997,61.7,one-time
2998,43.92,one-time
2999,114.29,one-time
3000,68.18,one-time
3001,10,one-time
3002,55,recurring
3003,57.3,recurring
3004,223.47,one-time
3005,331.46,one-time
3006,5.55,one-time
3007,28.5,one-time
3008,26.89,recurring
3009,64.13,one-time
3010,18.21,one-time
3011,119.77,one-time
3012,50.07,one-time
3013,380.8,one-time
3014,40.16,one-time
3015,101.03,one-time
3016,71.47,recurring
3017,21.34,one-time
3018,9.55,one-time
3019,56.55,one-time
3020,51.19,one-time
3021,164.05,one-time
3022,70.12,one-time
3023,71.46,one-time
3024,32.19,one-time
3025,105.56,one-time
3026,55,recurring
3027,220.39,one-time
3028,92.01,one-time
3029,41.11,one-time
3030,53.08,one-time
3031,52.09,one-time
3032,84.99,one-time
3033,46.24,one-time
3034,32.32,one-time
3035,12,one-time
3036,49.44,recurring
3037,31.34,one-time
3038,95.02,one-time
3039,3.43,one-time
3040,151.39,one-time
3041,12.33,one-time
3042,31.15,one-time
3043,95.46,one-time
3044,38.91,one-time
3045,178.26,one-time
3046,14.3,one-time
3047,54.82,one-time
3048,75.69,one-time
3049,38.94,one-time
3050,84.12,one-time
3051,30.64,one-time
3052,40.97,recurring
3053,61.42,one-time
3054,15.35,one-time
3055,50.1,one-time
3056,56.61,one-time
3057,57.3,recurring
3058,208.7,one-time
3059,360.52,one-time
3060,66.9,one-time
3061,38.5,one-time
3062,162.64,one-time
3063,58.65,one-time
3064,56.67,one-time
3065,103.68,one-time
3066,268.53,one-time
3067,124.04, 
3068,42.65,one-time
3069,218.76,one-time
3070,15.17,one-time
3071,29.15,one-time
3072,155.16,one-time
3073,85.11,one-time
3074,22.85,recurring
3075,68.36,one-time
3076,24.3,recurring
3077,169.6,one-time
3078,7.16,one-time
3079,117.53,one-time
3080,9.77,one-time
3081,88.16,one-time
3082,269.5,one-time
3083,150.72,one-time
3084,36.21,one-time
3085,56.58,one-time
3086,31.44,recurring
3087,82.12,recurring
3088,10,one-time
3089,15,one-time
3090,71.42,one-time
3091,11.64,recurring
3092,55,recurring
3093,12,one-time
3094,81.45,one-time
3095,20.46,one-time
3096,28.99,one-time
3097,88.95,one-time
3098,20.17,one-time
3099,100.91, 
3100,31.37,one-time
3101,56.56,one-time
3102,29.04,one-time
3103,259.43,one-time
3104,152.91,one-time
3105,84.19,one-time
3106,70.24,one-time
3107,173.47,one-time
3108,123.77,one-time
3109,68.49,one-time
3110,169.38,one-time
3111,43.44,one-time
3112,115.14,one-time
3113,20.23,one-time
3114,114.78,one-time
3115,63.7,one-time
3116,96.22,one-time
3117,112.32,one-time
3118,30.74,one-time
3119,51.53,one-time
3120,72.16,one-time
3121,192.47,one-time
3122,134.45,one-time
3123,142.63,one-time
3124,37.91,recurring
3125,22.33,one-time
3126,137.57,one-time
3127,205.58,one-time
3128,323.46, 
3129,269.53,one-time
3130,49.66,one-time
3131,2.85,one-time
3132,228.79,one-time
3133,36.15,one-time
3134,180.87,one-time
3135,80.24,one-time
3136,174.84,one-time
3137,26.91,one-time
3138,37.96,recurring
3139,65.83,one-time
3140,82.82,one-time
3141,28.42,one-time
3142,179.07,one-time
3143,203.92,one-time
3144,147.44,one-time
3145,72.6,one-time
3146,12,one-time
3147,56.51,one-time
3148,83.81,one-time
3149,60.19,one-time
3150,88.84,one-time
3151,31.87,recurring
3152,15.03,recurring
3153,89.82,one-time
3154,23.71,one-time
3155,175.92,one-time
3156,280.82,one-time
3157,21.37,one-time
3158,157.45,one-time
3159,105.74,one-time
3160,10,one-time
3161,36.14,one-time
3162,22.5,one-time
3163,159.33,one-time
3164,372.45,one-time
3165,269.31,one-time
3166,64.05,one-time
3167,68.68,one-time
3168,87.52,one-time
3169,63.42,one-time
3170,33.96,one-time
3171,152.29, 
3172,61.77,one-time
3173,91.19,one-time
3174,128.19,one-time
3175,184.22,one-time
3176,36.23,one-time
3177,56.27,one-time
3178,79.85,recurring
3179,70.68,recurring
3180,182.76,one-time
3181,153.8,one-time
3182,91.35,one-time
3183,140.34,one-time
3184,55,recurring
3185,144.11,one-time
3186,39.32,one-time
3187,83.32, 
3188,19.87,one-time
3189,105.58,one-time
3190,101.88,one-time
3191,39.58,one-time
3192,51.25,recurring
3193,72.66,one-time
3194,41.52,one-time
3195,277.16,one-time
3196,71.47,one-time
3197,36.56,one-time
3198,54.28,one-time
3199,326.19,one-time
3200,100.03,one-time
3201,77.05,one-time
3202,14.3,one-time
3203,67.85,one-time
3204,19.57,one-time
3205,2.55,one-time
3206,44.29,one-time
3207,39.69,one-time
3208,21.52,one-time
3209,79.91,recurring
3210,58.86,one-time
3211,-5.11,one-time
3212,58.1,one-time
3213,75.69,one-time
3214,38.37,one-time
3215,47.21,one-time
3216,47.96,one-time
3217,74.74,one-time
3218,91.16,one-time
3219,35.12,one-time
3220,39.66,one-time
3221,28.99,recurring
3222,17.88,one-time
3223,160.08,one-time
3224,40.77,one-time
3225,2.35,one-time
3226,47.65,one-time
3227,55,recurring
3228,83.22,one-time
3229,350.87,one-time
3230,25.58,one-time
3231,34.92,one-time
3232,31.57,one-time
3233,67.8,one-time
3234,6.49,one-time
3235,84.74,one-time
3236,40.53,one-time
3237,21.67,one-time
3238,34.81,one-time
3239,29.86,one-time
3240,55.4,one-time
3241,87.06,one-time
3242,53.26,one-time
3243,111.9,one-time
3244,75.33,one-time
3245,192.67, 
3246,61.16,one-time
3247,207.67,one-time
3248,28.17,one-time
3249,57.38,one-time
3250,32.32,one-time
3251,63.67,one-time
3252,168.51,one-time
3253,1.68,one-time
3254,18.96,one-time
3255,103.68,one-time
3256,260.19,one-time
3257,113.09,one-time
3258,51.25,recurring
3259,28.76,recurring
3260,22.26,one-time
3261,170.15,one-time
3262,76.8,one-time
3263,197.87,one-time
3264,59.56,one-time
3265,64.02,recurring
3266,59.56,one-time
3267,12,recurring
3268,212.1,one-time
3269,26.32,one-time
3270,17.56,one-time
3271,46.35,one-time
3272,56.04,one-time
3273,8.25,one-time
3274,230.74,one-time
3275,95.74,one-time
3276,96.86,one-time
3277,27.96,one-time
3278,156.14,one-time
3279,211.22, 
3280,176.35,one-time
3281,24.71,one-time
3282,146.53,one-time
3283,84.39,one-time
3284,12,one-time
3285,47.77,one-time
3286,22.33,one-time
3287,39.2,one-time
3288,80.13,one-time
3289,92.47,one-time
3290,41.49,one-time
3291,185.51,one-time
3292,56.52,one-time
3293,68.89,one-time
3294,53.51,one-time
3295,34.36,one-time
3296,57.3,recurring
3297,35.63,one-time
3298,34.52,one-time
3299,39.53,one-time
3300,120.88,one-time
3301,212.06,one-time
3302,18.7,one-time
3303,126.55,one-time
3304,253.85,one-time
3305,180.8,one-time
3306,116.11, 
3307,27.9,one-time
3308,147.8,one-time
3309,30.74,one-time
3310,112.93,one-time
3311,242.95,one-time
3312,78.97,one-time
3313,156.29,one-time
3314,146.59,one-time
3315,100.86,one-time
3316,28.43,recurring
3317,68.92,one-time
3318,20.55,one-time
3319,231.49,one-time
3320,129.15,one-time
3321,7.91,recurring
3322,34.62,one-time
3323,84.81,one-time
3324,19.7,recurring
3325,96.32,recurring
3326,55,recurring
3327,30.15,one-time
3328,26.49,recurring
3329,57.85,one-time
3330,10,one-time
3331,45.78,recurring
3332,42.07,one-time
3333,46.84,one-time
3334,58.25,one-time
3335,80.24,one-time
3336,80.28,recurring
3337,139.72,one-time
3338,23.35,one-time
3339,90.83,one-time
3340,34,one-time
3341,131.14,one-time
3342,171.92,one-time
3343,33.96,one-time
3344,56.87,recurring
3345,21.34,one-time
3346,51.25,recurring
3347,238.62,one-time
3348,148.33,one-time
3349,97.92,one-time
3350,23.09,one-time
3351,196.23,one-time
3352,14.04,one-time
3353,153.97,one-time
3354,26.49,one-time
3355,42.41,one-time
3356,145.52,one-time
3357,44.38,one-time
3358,55,recurring
3359,44.27,one-time
3360,144,one-time
3361,41.98,one-time
3362,126.77,one-time
3363,43.74,one-time
3364,82.32,one-time
3365,127.05,one-time
3366,44.3,one-time
3367,150.43,one-time
3368,68.92,one-time
3369,107.53,one-time
3370,7.86,one-time
3371,14.3,one-time
3372,89.11,recurring
3373,100.44,one-time
3374,32.9,one-time
3375,109.48,one-time
3376,143.35,one-time
3377,14.74,recurring
3378,324.78,one-time
3379,52.66,one-time
3380,197.1,one-time
3381,33.19,one-time
3382,20.37,recurring
3383,89.46,one-time
3384,95.23,recurring
3385,57.52,one-time
3386,23.03,one-time
3387,195.2,one-time
3388,86.4,one-time
3389,4.45,one-time
3390,71.91,one-time
3391,32.76,one-time
3392,118.82,one-time
3393,58.34,one-time
3394,140.92,one-time
3395,89.24,one-time
3396,51.25,recurring
3397,256.76,one-time
3398,66.07,one-time
3399,35.06,one-time
3400,152.38,one-time
3401,36.32,one-time
3402,42.37,one-time
3403,141.04,one-time
3404,35.66,one-time
3405,55,recurring
3406,70.89,one-time
3407,136.53,one-time
3408,20.12,one-time
3409,31.14,one-time
3410,30.63,one-time
3411,51.25,recurring
3412,164.77,one-time
3413,62.97,one-time
3414,97.64,one-time
3415,39.98,one-time
3416,28.47,one-time
3417,228.42,one-time
3418,9.69,one-time
3419,112.41,one-time
3420,83.65,one-time
3421,53.58,one-time
3422,101.87,one-time
3423,10,one-time
3424,53.83,recurring
3425,12,one-time
3426,99.77,one-time
3427,20.29,recurring
3428,58.39,one-time
3429,127.8,one-time
3430,30.55,one-time
3431,12,one-time
3432,207.81,one-time
3433,21.48,recurring
3434,399.54,one-time
3435,41.78,one-time
3436,173.43,one-time
3437,8.8,one-time
3438,125.24, 
3439,55,recurring
3440,70.82,one-time
3441,164.16,one-time
3442,10.91,one-time
3443,78.06,one-time
3444,92.65,one-time
3445,192.31,one-time
3446,94.09,one-time
3447,124.59,one-time
3448,120.5,one-time
3449,230.08,one-time
3450,52.93,one-time
3451,153.54,one-time
3452,100.12,one-time
3453,129.95,one-time
3454,49.02,one-time
3455,36.16, 
3456,104.49,one-time
3457,34.34,one-time
3458,180.86,one-time
3459,260.77,one-time
3460,38.9,one-time
3461,88.15,one-time
3462,31.25,one-time
3463,67.53,one-time
3464,139.28,one-time
3465,12.62,one-time
3466,29.94,one-time
3467,26.27,one-time
3468,79.71,one-time
3469,58.64,one-time
3470,84.03, 
3471,63.35,one-time
3472,59.17,one-time
3473,70.34,one-time
3474,71.65,one-time
3475,69.46,one-time
3476,55.04,one-time
3477,62.31, 
3478,110.64,one-time
3479,246.89,one-time
3480,77.47,one-time
3481,137.38,one-time
3482,28.33,one-time
3483,26.59,one-time
3484,89.21,recurring
3485,120.23,one-time
3486,5.47,recurring
3487,173.62,one-time
3488,164.26,one-time
3489,55,recurring
3490,54.8,one-time
3491,57.95,one-time
3492,32.73,recurring
3493,160.23,one-time
3494,57.3,recurring
3495,26.25,one-time
3496,42.22,one-time
3497,168.47,one-time
3498,69.77,one-time
3499,55,recurring
3500,63.66,one-time
3501,91.9,one-time
3502,22.66,one-time
3503,68.78,one-time
3504,226.58,one-time
3505,115.94,one-time
3506,26.73,one-time
3507,8.35,one-time
3508,114.19,one-time
3509,110.42,one-time
3510,93.83,one-time
3511,70.37,one-time
3512,59.29,one-time
3513,55.06,one-time
3514,52.87,recurring
3515,60.6,one-time
3516,16.14,one-time
3517,84.87,one-time
3518,21.56,one-time
3519,40.72,one-time
3520,132.52,one-time
3521,15.02,one-time
3522,45.67,one-time
3523,3.67,one-time
3524,101.32,one-time
3525,28.38,one-time
3526,94.75, 
3527,98.24,one-time
3528,205.71, 
3529,58.66,one-time
3530,86.8,one-time
3531,41.44,one-time
3532,72.12,one-time
3533,71.59,recurring
3534,91.56,one-time
3535,112.65,one-time
3536,44.75,one-time
3537,205.83,one-time
3538,79.88, 
3539,85.02,one-time
3540,54.8,one-time
3541,24.01,one-time
3542,11.43,one-time
3543,12.72,one-time
3544,26.33,recurring
3545,40.81,one-time
3546,243.79,one-time
3547,13.7,one-time
3548,82.1,one-time
3549,65.57,one-time
3550,100.67,one-time
3551,133.57,one-time
3552,92.14,one-time
3553,98.77,one-time
3554,85.23,one-time
3555,23.63,one-time
3556,95.76,one-time
3557,12,one-time
3558,148.03,one-time
3559,56.03,one-time
3560,132.32,one-time
3561,76.61,recurring
3562,39.9,one-time
3563,70.43,one-time
3564,43.07,one-time
3565,170.47,one-time
3566,184.41,one-time
3567,79.27,recurring
3568,83.44,one-time
3569,98.65,one-time
3570,69.41,one-time
3571,129.34,one-time
3572,165.05,one-time
3573,197.03,one-time
3574,180.1,one-time
3575,14.76,one-time
3576,111.59,one-time
3577,47.09,recurring
3578,111.56,one-time
3579,90.73,one-time
3580,10,one-time
3581,234.32,one-time
3582,478.24,one-time
3583,56.84,one-time
3584,21.51,one-time
3585,140.17,one-time
3586,57.3,recurring
3587,63.76,one-time
3588,41.4,recurring
3589,186.96,one-time
3590,42.32,one-time
3591,265.83,one-time
3592,53.19,one-time
3593,146,one-time
3594,83.8,one-time
3595,27.68,one-time
3596,17.01,one-time
3597,31.58,one-time
3598,166.42,one-time
3599,160.62,one-time
3600,8.94,one-time
3601,194.35, 
3602,55,recurring
3603,38.61,one-time
3604,13.43,one-time
3605,120.1,one-time
3606,57.12,one-time
3607,27.68,one-time
3608,67.28,one-time
3609,130.36,one-time
3610,23.07,one-time
3611,14.33,one-time
3612,68.69,one-time
3613,74.1,one-time
3614,220.21,one-time
3615,262.74,one-time
3616,137.88,one-time
3617,78.06,one-time
3618,2.15,one-time
3619,30.9, 
3620,13.44,one-time
3621,280.05,one-time
3622,55,recurring
3623,9.32,one-time
3624,101.04,one-time
3625,62.65,one-time
3626,51.1,one-time
3627,90.03,recurring
3628,45.07,one-time
3629,82.22,one-time
3630,107.25,one-time
3631,69.03,one-time
3632,55,recurring
3633,104.56,one-time
3634,17.39,one-time
3635,111.03,one-time
3636,62.77,recurring
3637,259.95,one-time
3638,98.13,one-time
3639,30.18,one-time
3640,50.67,one-time
3641,93.53,one-time
3642,55.42,one-time
3643,57.22,one-time
3644,72.62,one-time
3645,71.14,one-time
3646,203.77,one-time
3647,60.77,one-time
3648,126.14,one-time
3649,20.9,one-time
3650,37.73,one-time
3651,36.75,one-time
3652,51.36,one-time
3653,55,recurring
3654,29.22,one-time
3655,30.9,one-time
3656,48.49,one-time
3657,82.71,one-time
3658,29.09,one-time
3659,175.07,one-time
3660,186.11,one-time
3661,4.16,one-time
3662,113.09,one-time
3663,92.96,one-time
3664,73.54,one-time
3665,15.57,one-time
3666,41.37,one-time
3667,236.36,one-time
3668,29.83,one-time
3669,29.5,one-time
3670,60.64,one-time
3671,108.38,one-time
3672,42.95,one-time
3673,241.19,one-time
3674,53.99, 
3675,13.66,one-time
3676,122.41,one-time
3677,128.67,one-time
3678,15.4,one-time
3679,168.52,one-time
3680,65.12,recurring
3681,64.05,one-time
3682,168.71,one-time
3683,49.74,one-time
3684,43.85,one-time
3685,141.82,one-time
3686,86.65,one-time
3687,36.53,one-time
3688,38.64,one-time
3689,173.26,one-time
3690,29.68,one-time
3691,10.51,one-time
3692,272.52,one-time
3693,70.37,one-time
3694,38.4,one-time
3695,20.32,one-time
3696,199.24,one-time
3697,52.01,one-time
3698,26.65,recurring
3699,37.74,one-time
3700,31.32,one-time
3701,81.35,recurring
3702,51.59,one-time
3703,23.61,one-time
3704,50.6,one-time
3705,95.61,one-time
3706,189.17,one-time
3707,48.37,recurring
3708,33.42,one-time
3709,47.29,one-time
3710,132.21,one-time
3711,67.45,one-time
3712,196.76,one-time
3713,66.44,one-time
3714,65.35,one-time
3715,17.87,recurring
3716,125.22,one-time
3717,30.49,one-time
3718,32.42,one-time
3719,163.04,one-time
3720,70.3,one-time
3721,39.83,one-time
3722,36.73,one-time
3723,134.54,one-time
3724,119.53,one-time
3725,95.8,one-time
3726,36.29,one-time
3727,48.42,one-time
3728,168.01,one-time
3729,35.59,one-time
3730,58.38,one-time
3731,22.21,one-time
3732,42.63,one-time
3733,43.14,one-time
3734,133.12,one-time
3735,21.93,one-time
3736,156.81, 
3737,30.81,one-time
3738,7.38,one-time
3739,17.84,one-time
3740,223.12,one-time
3741,55,recurring
3742,70.8,one-time
3743,15.64,one-time
3744,86.51,one-time
3745,116.29,one-time
3746,32.58,recurring
3747,202.67,one-time
3748,156.64,one-time
3749,7.62,recurring
3750,31.23,one-time
3751,75.07,one-time
3752,15.09,one-time
3753,8.25,recurring
3754,19,one-time
3755,116.04,one-time
3756,115.43,one-time
3757,96.13,one-time
3758,240.45,one-time
3759,10.15,one-time
3760,48.65,one-time
3761,26.37,one-time
3762,62.14,one-time
3763,40.84,one-time
3764,52.61,one-time
3765,108.49,one-time
3766,51.25,recurring
3767,92.28,one-time
3768,55,recurring
3769,14.2,recurring
3770,85.35,one-time
3771,50.29,recurring
3772,12,one-time
3773,128.88,one-time
3774,89.15,recurring
3775,14.74,one-time
3776,16.26,one-time
3777,35.09,one-time
3778,71.44,one-time
3779,117.47,one-time
3780,76.79, 
3781,13.55,one-time
3782,119.32,one-time
3783,56.54,one-time
3784,97.16,one-time
3785,110.52,one-time
3786,118.55,one-time
3787,55,recurring
3788,203.31,one-time
3789,15.69,one-time
3790,16.46,one-time
3791,77.66,one-time
3792,197.06,one-time
3793,260.04,one-time
3794,42.86,recurring
3795,12,one-time
3796,73.43,one-time
3797,26.95,one-time
3798,12,one-time
3799,278.56,one-time
3800,49.17,one-time
3801,56.79,one-time
3802,90.72, 
3803,73.11,one-time
3804,10.99,one-time
3805,85.65, 
3806,198.56,one-time
3807,20.65,one-time
3808,58.54,one-time
3809,110.57,one-time
3810,77.36,one-time
3811,29.82,one-time
3812,190.45,one-time
3813,79.74,one-time
3814,17.72,one-time
3815,52.01,one-time
3816,28.87,one-time
3817,33.37,one-time
3818,84.29,one-time
3819,167.14,one-time
3820,57.3,recurring
3821,35.83,one-time
3822,0.53,one-time
3823,39.4,one-time
3824,233.79,one-time
3825,95.38,one-time
3826,86.25,one-time
3827,41.24,recurring
3828,5.61,one-time
3829,75.08,recurring
3830,155.23,one-time
3831,92.06,one-time
3832,32.41,recurring
3833,489.31,one-time
3834,51.25,recurring
3835,57.3,recurring
3836,203.33,one-time
3837,42.18,one-time
3838,63.93,one-time
3839,139.16,one-time
3840,62.3,one-time
3841,55.65,one-time
3842,23.33,one-time
3843,200.75,one-time
3844,113.27,one-time
3845,110.03,one-time
3846,61.56,one-time
3847,89.22,recurring
3848,63.14,one-time
3849,42.35,one-time
3850,107.18,one-time
3851,173.68,one-time
3852,45.89,one-time
3853,98.57,one-time
3854,89.37,one-time
3855,27.13,one-time
3856,111.92,one-time
3857,34.99,one-time
3858,127.81,one-time
3859,96.44,one-time
3860,28.88,one-time
3861,78.52,one-time
3862,92.58,one-time
3863,119.82,one-time
3864,115.01,one-time
3865,37.57,one-time
3866,112.78,one-time
3867,36.56, 
3868,88.72,one-time
3869,446.99,one-time
3870,165.24,one-time
3871,142.42,one-time
3872,82.16,one-time
3873,1.11,one-time
3874,57.3,recurring
3875,53.18,one-time
3876,148.35,one-time
3877,90.9,one-time
3878,89.98,one-time
3879,54.59,one-time
3880,22.82,one-time
3881,58.39,one-time
3882,12,one-time
3883,91.78,recurring
3884,132.59,one-time
3885,374.9,one-time
3886,56.23,one-time
3887,84.77,one-time
3888,27.71,one-time
3889,55,recurring
3890,44.06,one-time
3891,33.07,one-time
3892,103.3,one-time
3893,57.3,recurring
3894,22,one-time
3895,55.51,one-time
3896,23.33,one-time
3897,55,recurring
3898,55,recurring
3899,70.12,one-time
3900,90.72,one-time
3901,134.67,one-time
3902,10.33,one-time
3903,169.79,one-time
3904,87.4,one-time
3905,47.25,one-time
3906,235.61,one-time
3907,117.58, 
3908,95.24,one-time
3909,26.89,one-time
3910,126.36,one-time
3911,25.38,one-time
3912,48.44,recurring
3913,25.82,one-time
3914,57.3,recurring
3915,91.47,one-time
3916,48.52,one-time
3917,193.61,one-time
3918,19.91,one-time
3919,88.27,one-time
3920,50.87,one-time
3921,60.76,one-time
3922,73,one-time
3923,35.04,one-time
3924,112.21,one-time
3925,278.89,one-time
3926,67.34,one-time
3927,6.12,one-time
3928,168.18,one-time
3929,177.55,one-time
3930,122.29,one-time
3931,138.02,one-time
3932,48.88,one-time
3933,12.06,one-time
3934,31.39,one-time
3935,23.71,one-time
3936,37.74,recurring
3937,91.94,one-time
3938,184.02,one-time
3939,35.66,one-time
3940,189.17,one-time
3941,42.38,one-time
3942,58.23,one-time
3943,52.47,recurring
3944,93.34,one-time
3945,11.14,one-time
3946,40.25,one-time
3947,6.7,one-time
3948,33.4,one-time
3949,102.67,one-time
3950,47.39,one-time
3951,140.75,one-time
3952,83.02,one-time
3953,24.93,one-time
3954,143.45,one-time
3955,33.36,recurring
3956,55,recurring
3957,125.28,one-time
3958,28.3,recurring
3959,7.95,recurring
3960,245.37,one-time
3961,28.21,one-time
3962,38.06,one-time
3963,156.01,one-time
3964,267.61,one-time
3965,33.09,one-time
3966,135.05,one-time
3967,29.41,one-time
3968,69.72,one-time
3969,139.92,one-time
3970,78.91,one-time
3971,115.64,one-time
3972,272.83,one-time
3973,49.5,one-time
3974,201.7,one-time
3975,41.52,one-time
3976,69.55,one-time
3977,215.06,one-time
3978,11.27,one-time
3979,35.45,recurring
3980,23.45,recurring
3981,41.06,recurring
3982,75.24,one-time
3983,46.97,one-time
3984,129.3,one-time
3985,33.76,one-time
3986,58.48,one-time
3987,78.75,one-time
3988,47.66,one-time
3989,93.25,one-time
3990,11.04,one-time
3991,17.1,one-time
3992,9.53,one-time
3993,64.79,one-time
3994,154.9,one-time
3995,159.18,one-time
3996,39.46,one-time
3997,93.77,recurring
3998,101,one-time
3999,164.73,one-time
4000,12.98,one-time
4001,155.69,one-time
4002,180.74,one-time
4003,118.08,one-time
4004,65.41,one-time
4005,52.18,one-time
4006,64.23,one-time
4007,207.31,one-time
4008,27.02,recurring
4009,20.59,one-time
4010,34.85,one-time
4011,104.75,one-time
4012,95.17,one-time
4013,18.96,one-time
4014,46.29,one-time
4015,71.73,one-time
4016,45.82,one-time
4017,14.7,one-time
4018,73.31,one-time
4019,47.77,one-time
4020,60.58,recurring
4021,66.29,one-time
4022,73.04,one-time
4023,52.74,one-time
4024,27.84,one-time
4025,79.38,one-time
4026,114.15,one-time
4027,76.2,one-time
4028,102.33,one-time
4029,89.8,one-time
4030,19.35,one-time
4031,175,one-time
4032,135.98,one-time
4033,81.92,one-time
4034,10.61,one-time
4035,8.26,one-time
4036,16.89,one-time
4037,155.65,one-time
4038,45.89,one-time
4039,40.21,one-time
4040,6.9, 
4041,62.73,one-time
4042,73.21,one-time
4043,17.26,one-time
4044,60.94,one-time
4045,26.17,one-time
4046,34.09,one-time
4047,97.46, 
4048,80.49,one-time
4049,58.97,one-time
4050,111.66,one-time
4051,12,one-time
4052,14.57, 
4053,27.61,one-time
4054,26.38,one-time
4055,78.46,one-time
4056,19.57,one-time
4057,57.3,recurring
4058,222.59,one-time
4059,102.31,one-time
4060,50.49,one-time
4061,1.85,one-time
4062,122.36,one-time
4063,80.61,one-time
4064,44.97,one-time
4065,159.16,one-time
4066,5.27,one-time
4067,9.64,one-time
4068,41.67,recurring
4069,16.58,one-time
4070,76.68,one-time
4071,49.96,one-time
4072,21.22,one-time
4073,67.68,one-time
4074,26.08,recurring
4075,14.73,one-time
4076,31.51,one-time
4077,55,recurring
4078,68.29,one-time
4079,38,one-time
4080,12,one-time
4081,279.74,one-time
4082,146.33,one-time
4083,87,one-time
4084,218.66,one-time
4085,66.66,one-time
4086,42.08,one-time
4087,95.68,one-time
4088,59,one-time
4089,134.57,one-time
4090,116.25,one-time
4091,11.88,one-time
4092,42.88,one-time
4093,182.32, 
4094,141.41,one-time
4095,75.16,one-time
4096,23.54,one-time
4097,116.14,one-time
4098,28.9,one-time
4099,107.53,one-time
4100,45.76,one-time
4101,56.89,one-time
4102,73.2,one-time
4103,75.75,recurring
4104,105.21,one-time
4105,38.31,one-time
4106,6.1,one-time
4107,129.91,one-time
4108,57.3,recurring
4109,44.59,recurring
4110,55,recurring
4111,30.44,one-time
4112,11.82,one-time
4113,49.7,one-time
4114,112.83,one-time
4115,62.24,one-time
4116,65.45,one-time
4117,213.62,one-time
4118,55,recurring
4119,4.82,one-time
4120,32.11,one-time
4121,57.3,recurring
4122,48.91,one-time
4123,68.17,one-time
4124,63.18,one-time
4125,71.17,one-time
4126,14.35,recurring
4127,191.61,one-time
4128,75.98,one-time
4129,50.42,one-time
4130,144.73,one-time
4131,111.54,one-time
4132,18.44,one-time
4133,60.1,one-time
4134,56.63,recurring
4135,115.92,one-time
4136,15.62,recurring
4137,59.17,one-time
4138,20.92,recurring
4139,113.75,one-time
4140,49.93,one-time
4141,11,one-time
4142,106.87,one-time
4143,247.12,one-time
4144,127.16,one-time
4145,23.3,one-time
4146,57.3,recurring
4147,61.41,one-time
4148,113.98,one-time
4149,167.2,one-time
4150,240.83,one-time
4151,108.88,one-time
4152,18.9,one-time
4153,24.44,one-time
4154,128.9,one-time
4155,99.45,one-time
4156,80.41,one-time
4157,38.04,one-time
4158,70,one-time
4159,97.97,one-time
4160,83.97,one-time
4161,92.88,one-time
4162,64.75,one-time
4163,106.16,one-time
4164,118.51,one-time
4165,100.71,one-time
4166,91.92,one-time
4167,52.84,one-time
4168,180.74,one-time
4169,150.91,one-time
4170,85.21,one-time
4171,176.3,one-time
4172,59.33,one-time
4173,43.27,one-time
4174,69.65,one-time
4175,49.98,one-time
4176,86.31,one-time
4177,143.12,one-time
4178,104.87,one-time
4179,120.63,one-time
4180,135.15,one-time
4181,18.52,one-time
4182,77.21,one-time
4183,213.61,one-time
4184,17.75, 
4185,11.62,one-time
4186,82.14,one-time
4187,84.15,one-time
4188,74.3,one-time
4189,60.96,one-time
4190,16.1,one-time
4191,28.65,one-time
4192,66.3,one-time
4193,361.84,one-time
4194,24.71,one-time
4195,98.79,one-time
4196,166.66,one-time
4197,13.52,one-time
4198,27.4,one-time
4199,257.59,one-time
4200,60.18,one-time
4201,58.1,one-time
4202,14.83,one-time
4203,46.16,one-time
4204,124.57,one-time
4205,77.21,one-time
4206,45.59,recurring
4207,43.68,one-time
4208,195.76,one-time
4209,84.87,one-time
4210,24.04,one-time
4211,30.32,one-time
4212,23.74,recurring
4213,17.64,one-time
4214,194.56,one-time
4215,123.25,one-time
4216,340.92,one-time
4217,77.34,one-time
4218,81.07,one-time
4219,90.97,one-time
4220,60.95,one-time
4221,80.91,one-time
4222,170.81,one-time
4223,55,recurring
4224,144.09,one-time
4225,137.59,one-time
4226,12,one-time
4227,8.53,one-time
4228,20.45,recurring
4229,166.06,one-time
4230,430.82,one-time
4231,29.91,one-time
4232,99.63,one-time
4233,130.68,one-time
4234,146.32,one-time
4235,148.95,one-time
4236,9.8,one-time
4237,31.5,one-time
4238,102.09,one-time
4239,49.7,one-time
4240,88.18,one-time
4241,55,recurring
4242,69.9,one-time
4243,121.89,one-time
4244,33.23,one-time
4245,136.64,one-time
4246,108.54,one-time
4247,85.15,one-time
4248,141.65,one-time
4249,359.33,one-time
4250,15.91,one-time
4251,117.48,one-time
4252,78.06,one-time
4253,82.84,one-time
4254,112.91,one-time
4255,112.35,one-time
4256,125.67,one-time
4257,40.93,one-time
4258,12,one-time
4259,60.06,one-time
4260,100.87,one-time
4261,27.66,one-time
4262,30.73,one-time
4263,249.59,one-time
4264,62.43,one-time
4265,92.86,one-time
4266,29.66,one-time
4267,43.06,one-time
4268,79.17,one-time
4269,12,one-time
4270,157.94,one-time
4271,263.63,one-time
4272,129.52,one-time
4273,28.99,one-time
4274,16.69,one-time
4275,67.82,one-time
4276,148.37,one-time
4277,213.73,one-time
4278,156.33,one-time
4279,184.27,one-time
4280,55,recurring
4281,55.06,one-time
4282,44.18,one-time
4283,56.93,one-time
4284,89.9,one-time
4285,70.44,one-time
4286,145.28,one-time
4287,121.31, 
4288,72.69,one-time
4289,61.88,one-time
4290,8.13,one-time
4291,131.17,one-time
4292,17.86,one-time
4293,46.6,one-time
4294,45.79,one-time
4295,101.12,one-time
4296,96.03,one-time
4297,135.15,one-time
4298,74.16,one-time
4299,206.58,one-time
4300,103.15,one-time
4301,116.79,one-time
4302,200.61,one-time
4303,128.91,one-time
4304,26.85,one-time
4305,24.93,one-time
4306,205.91,one-time
4307,110.04,one-time
4308,66.75,one-time
4309,100.93,one-time
4310,48.47,one-time
4311,162.84, 
4312,84.87,one-time
4313,-0.14,one-time
4314,8.8,one-time
4315,68.99,one-time
4316,125.22,one-time
4317,72.76,one-time
4318,42.25,one-time
4319,59.23,one-time
4320,74.79,one-time
4321,43.12,one-time
4322,86.05,one-time
4323,161.81,one-time
4324,49.54,one-time
4325,68.76,one-time
4326,107.33,one-time
4327,170.53,one-time
4328,278.55,one-time
4329,60.62,one-time
4330,36.15,one-time
4331,51.2,one-time
4332,125.97,one-time
4333,21.9,one-time
4334,31.63,one-time
4335,10,one-time
4336,188.69,one-time
4337,110.85,one-time
4338,64.91,one-time
4339,106.55,one-time
4340,74,recurring
4341,122.27,one-time
4342,25.98,one-time
4343,98.26,one-time
4344,39.17,one-time
4345,66.45,one-time
4346,169.92,one-time
4347,65.14,one-time
4348,69.14,one-time
4349,38.92,one-time
4350,24.87,one-time
4351,37.12,one-time
4352,13.25,one-time
4353,169.28,one-time
4354,182.74,one-time
4355,51.28,one-time
4356,9.99,one-time
4357,126.02,one-time
4358,19.52,one-time
4359,83.18,one-time
4360,146.86,one-time
4361,38.71,one-time
4362,175.71,one-time
4363,78.59,one-time
4364,69.41,one-time
4365,130.42,one-time
4366,259.54,one-time
4367,30.33,one-time
4368,21.52,one-time
4369,11.86,one-time
4370,48.55,one-time
4371,112.39,one-time
4372,45.24,one-time
4373,219.89,one-time
4374,37.3,one-time
4375,175.22,one-time
4376,142.35,one-time
4377,76.64,one-time
4378,210.93,one-time
4379,27.21,one-time
4380,222.7,one-time
4381,160.8,one-time
4382,52.11,one-time
4383,48.73,one-time
4384,176.55,one-time
4385,142.16,one-time
4386,195.36,one-time
4387,179.26,one-time
4388,141.33,one-time
4389,55,recurring
4390,12,one-time
4391,32.24,one-time
4392,31.51,one-time
4393,44.76,one-time
4394,55,recurring
4395,92.97,one-time
4396,12.22,one-time
4397,72.53,one-time
4398,140.93,one-time
4399,55,recurring
4400,61.02,one-time
4401,57.14,one-time
4402,59.38,one-time
4403,185,one-time
4404,60.69,one-time
4405,68.81,one-time
4406,76.27,one-time
4407,30.35,one-time
4408,83.84,one-time
4409,56.66,recurring
4410,195.74,one-time
4411,44,one-time
4412,54.83,one-time
4413,23.29,one-time
4414,36.31,recurring
4415,182.38,one-time
4416,51.49,one-time
4417,11.48,recurring
4418,27.83,one-time
4419,275.28,one-time
4420,21.43,one-time
4421,247.25,one-time
4422,80.57,one-time
4423,368.45,one-time
4424,17.46,one-time
4425,180.13,one-time
4426,45.88,one-time
4427,14.89,one-time
4428,170.51,one-time
4429,120.93,one-time
4430,73.88,one-time
4431,20.81,one-time
4432,12,one-time
4433,56.89,one-time
4434,57.3,recurring
4435,2.2,one-time
4436,14.33,recurring
4437,10.31,one-time
4438,22.46,one-time
4439,128.19,one-time
4440,90.71,one-time
4441,37.35,one-time
4442,55,recurring
4443,94.52,one-time
4444,208.27,one-time
4445,59.04,one-time
4446,230.27,one-time
4447,58.7,one-time
4448,122.66,one-time
4449,48.84,one-time
4450,52.94,one-time
4451,38.6,one-time
4452,110.99,one-time
4453,291.39,one-time
4454,16.09,one-time
4455,56.36,one-time
4456,188,one-time
4457,25.11,one-time
4458,141.46,one-time
4459,8.22,one-time
4460,69.12,one-time
4461,83.01,one-time
4462,71.71,one-time
4463,163.11,one-time
4464,12.3,one-time
4465,58.63,one-time
4466,150.89,one-time
4467,226.76,one-time
4468,32.5,one-time
4469,76.95,one-time
4470,42.5,one-time
4471,62.89,one-time
4472,36.85,one-time
4473,26.04,recurring
4474,352.6,one-time
4475,38.73,recurring
4476,91.49,one-time
4477,117.09,one-time
4478,106.7,one-time
4479,184.7,one-time
4480,284.75,one-time
4481,183.68,one-time
4482,1.72,recurring
4483,73.34,recurring
4484,227.89,one-time
4485,58.22,one-time
4486,18.29,one-time
4487,59.14,one-time
4488,87.03,one-time
4489,18.75,recurring
4490,41.45,one-time
4491,54.54,one-time
4492,108.36,one-time
4493,194.39,one-time
4494,113.23,one-time
4495,74.57,one-time
4496,54.87,one-time
4497,89.21,one-time
4498,47.65,recurring
4499,50.83,recurring
4500,41.36,one-time
4501,29.97,one-time
4502,61.65,one-time
4503,69.49,one-time
4504,51.26,one-time
4505,37.12,one-time
4506,40.94,one-time
4507,117.32,one-time
4508,125.46,one-time
4509,55,recurring
4510,14.09,recurring
4511,53.25,recurring
4512,96.65,recurring
4513,86.77,one-time
4514,223.89,one-time
4515,53.14,one-time
4516,14.85,one-time
4517,94.25,one-time
4518,166.76,one-time
4519,44.7,one-time
4520,142.45,one-time
4521,21.83,one-time
4522,29.4,one-time
4523,61.74,one-time
4524,20.31,one-time
4525,72.2,one-time
4526,174.1,one-time
4527,193.85,one-time
4528,57.36,one-time
4529,95.03,one-time
4530,60.01, 
4531,56.93,one-time
4532,44.05,one-time
4533,128.28, 
4534,77.65,one-time
4535,22.27,one-time
4536,29.89,one-time
4537,48.31,one-time
4538,21.44,one-time
4539,73.71,one-time
4540,93.54,one-time
4541,56.7,one-time
4542,114.48,one-time
4543,43.1,one-time
4544,108.38,one-time
4545,66.12,one-time
4546,79.58,one-time
4547,80,one-time
4548,56.71,recurring
4549,48.85, 
4550,62.65,one-time
4551,39.28,one-time
4552,124.74,one-time
4553,64.87,one-time
4554,12.3,one-time
4555,121.44,one-time
4556,23.82,one-time
4557,23.07,one-time
4558,70.21,one-time
4559,27.78,one-time
4560,76.73,one-time
4561,55,recurring
4562,63.98,one-time
4563,108.78,one-time
4564,1.34,one-time
4565,13.98,one-time
4566,16.33,recurring
4567,141.56,one-time
4568,22.25,recurring
4569,25.12,one-time
4570,87.06,one-time
4571,42.42,one-time
4572,19.84,one-time
4573,91.09,one-time
4574,89.4,one-time
4575,28.05,one-time
4576,28.3,one-time
4577,57.3,recurring
4578,25.52,one-time
4579,199.31,one-time
4580,19.79,one-time
4581,366.91,one-time
4582,228.84,one-time
4583,95.3,one-time
4584,132.83,one-time
4585,106.42,one-time
4586,3.64,one-time
4587,12,one-time
4588,55,recurring
4589,105.51,one-time
4590,132.24,one-time
4591,50.06,one-time
4592,256.03,one-time
4593,104.04,one-time
4594,110.73,one-time
4595,133.79,one-time
4596,159.02,one-time
4597,89.34,one-time
4598,49.62,one-time
4599,32.86,one-time
4600,52.43,one-time
4601,150.85,one-time
4602,110.59,one-time
4603,95.72,one-time
4604,62.21,one-time
4605,5.35,one-time
4606,25.39,one-time
4607,87.03,one-time
4608,55,recurring
4609,218.02,one-time
4610,33.52,recurring
4611,197,one-time
4612,98.36,recurring
4613,35.56,one-time
4614,160.78,one-time
4615,110.09,one-time
4616,55,recurring
4617,139,one-time
4618,56.35,one-time
4619,26.11,recurring
4620,119.4,one-time
4621,29.05,one-time
4622,64.54,one-time
4623,85.03,one-time
4624,96.11,recurring
4625,87.74,one-time
4626,78.66,one-time
4627,159.1,one-time
4628,46.18,recurring
4629,39.38,recurring
4630,102.94,one-time
4631,100.9,one-time
4632,13.69,one-time
4633,33.11,recurring
4634,58.13,one-time
4635,223.8,one-time
4636,35.06,one-time
4637,45.47,recurring
4638,88.34,one-time
4639,57.3,recurring
4640,79.25,recurring
4641,50.99,one-time
4642,128.41,one-time
4643,60.74,one-time
4644,102.12,one-time
4645,22.8,one-time
4646,51.23,one-time
4647,39.89,one-time
4648,95.4,one-time
4649,16.68,recurring
4650,57.3,recurring
4651,57.3,recurring
4652,61.37,one-time
4653,103.52,one-time
4654,42.12,one-time
4655,43.01,one-time
4656,52.34,one-time
4657,111.19,one-time
4658,323.45,one-time
4659,24,one-time
4660,127.66,one-time
4661,61.98,one-time
4662,84.97,one-time
4663,30.42,one-time
4664,32.12,one-time
4665,81.15,one-time
4666,213.6,one-time
4667,27.76,one-time
4668,11.19,one-time
4669,104.94,one-time
4670,182.85,one-time
4671,78.12,one-time
4672,133.76,one-time
4673,11.11,one-time
4674,74.08,one-time
4675,10.69,one-time
4676,51.84,one-time
4677,164.8,one-time
4678,251.05,one-time
4679,6.41,one-time
4680,61.82,one-time
4681,113.03,one-time
4682,263.23,one-time
4683,40.89,one-time
4684,87.6,one-time
4685,34.22,one-time
4686,125.5,one-time
4687,130.98,one-time
4688,60.64,one-time
4689,163.48,one-time
4690,99.43,one-time
4691,11.45,one-time
4692,85.89,one-time
4693,43.52,one-time
4694,86.57,one-time
4695,1.68,one-time
4696,72.16,one-time
4697,43.14,recurring
4698,26.22,one-time
4699,55.79,one-time
4700,14.3,one-time
4701,40.77,recurring
4702,51.24,one-time
4703,179.1,one-time
4704,61.6,recurring
4705,54.91,recurring
4706,56.89,one-time
4707,79.36,one-time
4708,53.75,one-time
4709,333,one-time
4710,77.17,one-time
4711,94.47,one-time
4712,18.84,one-time
4713,14.3,one-time
4714,99.69,one-time
4715,37.55,one-time
4716,12,one-time
4717,84.02,one-time
4718,173.75,one-time
4719,38.27,one-time
4720,29.45,one-time
4721,95.2,one-time
4722,147.16,one-time
4723,350.22,one-time
4724,14.3,one-time
4725,112.98,one-time
4726,27.51,one-time
4727,143.79,one-time
4728,69.93,one-time
4729,60.2,one-time
4730,25.71,one-time
4731,55.59, 
4732,109.47,one-time
4733,107.33,one-time
4734,70.52,one-time
4735,56,one-time
4736,34.87,one-time
4737,41.5,one-time
4738,74.71,one-time
4739,12,one-time
4740,21.18,one-time
4741,69.26,one-time
4742,64.65,recurring
4743,219.13, 
4744,126.19,one-time
4745,15.29,one-time
4746,33.7,one-time
4747,65.57,one-time
4748,158.82,one-time
4749,137.32,one-time
4750,8.25,one-time
4751,81.11,one-time
4752,156.97,one-time
4753,38.7,recurring
4754,100.22,one-time
4755,13.89,one-time
4756,50.19,one-time
4757,71.5,one-time
4758,41.32,one-time
4759,15.33,one-time
4760,107.4,one-time
4761,35.65,one-time
4762,42.73,one-time
4763,206.54,one-time
4764,108.73,one-time
4765,131.04,one-time
4766,28.39,one-time
4767,128.21,one-time
4768,15.61,one-time
4769,46.64,one-time
4770,31.5,one-time
4771,149.42,one-time
4772,164.61,one-time
4773,13.42,one-time
4774,31.61,one-time
4775,57.18,one-time
4776,73.75,one-time
4777,42.91,one-time
4778,85.18,one-time
4779,82.6,one-time
4780,55.05,one-time
4781,114.29,one-time
4782,67.97,recurring
4783,125.2,one-time
4784,35.74,one-time
4785,122.2,one-time
4786,52.13,one-time
4787,104.36,one-time
4788,64.95,one-time
4789,21.13, 
4790,134.28,one-time
4791,61.28,one-time
4792,95.5,recurring
4793,102.34,one-time
4794,98.81,one-time
4795,14.76,one-time
4796,39.05,one-time
4797,71.48,one-time
4798,95.39,one-time
4799,196.4,one-time
4800,53.3,one-time
4801,18.2,one-time
4802,97.01,recurring
4803,91.19,one-time
4804,41.03,one-time
4805,122.67,one-time
4806,7.69,one-time
4807,160.18,one-time
4808,38.42,one-time
4809,74.75,one-time
4810,48.18,one-time
4811,9.86,one-time
4812,24.49,one-time
4813,83.02,one-time
4814,6.68,one-time
4815,23.49,one-time
4816,73.4,one-time
4817,187.79,one-time
4818,11.47,recurring
4819,56.65,one-time
4820,40.18,one-time
4821,151.86,one-time
4822,58.1,one-time
4823,26.23,one-time
4824,106.21,one-time
4825,108.76,one-time
4826,35.98,one-time
4827,159.28,one-time
4828,49.18,one-time
4829,45.85,one-time
4830,39.91,recurring
4831,147.88,one-time
4832,212.65,one-time
4833,92.33,one-time
4834,161.88,one-time
4835,171.23,one-time
4836,30.06,one-time
4837,64.63,one-time
4838,10.19, 
4839,81.27,one-time
4840,40.8,one-time
4841,45.62,one-time
4842,134.43,one-time
4843,43.77,one-time
4844,13.32,one-time
4845,58.21,one-time
4846,44.71,one-time
4847,72.62,one-time
4848,55,recurring
4849,35.53,recurring
4850,46.61,one-time
4851,197.62,one-time
4852,258.72,one-time
4853,223.56,one-time
4854,14.26,one-time
4855,24.58,one-time
4856,9.71,one-time
4857,23.08,one-time
4858,21.78,one-time
4859,55,recurring
4860,69.45,one-time
4861,52.11,one-time
4862,47.79,one-time
4863,39.6,one-time
4864,12,one-time
4865,20.4,one-time
4866,13.7,one-time
4867,77.65,one-time
4868,38.63,one-time
4869,27.75,one-time
4870,63.24,one-time
4871,113.91,one-time
4872,55,recurring
4873,312.23,one-time
4874,30.76,recurring
4875,76.01,recurring
4876,42.59,one-time
4877,109.66,one-time
4878,28.85,one-time
4879,82.64,one-time
4880,168.05,one-time
4881,126.1,one-time
4882,91.08,one-time
4883,180.67,one-time
4884,74.16,one-time
4885,51,one-time
4886,90.72,one-time
4887,105.27,one-time
4888,57.59,one-time
4889,3.4,one-time
4890,45.56,one-time
4891,131.07,one-time
4892,70.84,one-time
4893,14.89,one-time
4894,267.78,one-time
4895,112.08,one-time
4896,20.19,one-time
4897,39.55,recurring
4898,95.71,one-time
4899,43.87,one-time
4900,109.86,one-time
4901,16.21,one-time
4902,61,one-time
4903,86.08,recurring
4904,162.08,one-time
4905,39.48,one-time
4906,29.97,one-time
4907,185.09,one-time
4908,14.3,one-time
4909,19.28,one-time
4910,244.19,one-time
4911,86.66,one-time
4912,134.22,one-time
4913,33.14,recurring
4914,20.89,one-time
4915,116.94,one-time
4916,88.57,one-time
4917,108.16,one-time
4918,42.57,one-time
4919,25.29,one-time
4920,55,recurring
4921,162.92,one-time
4922,95.34,recurring
4923,65.25,one-time
4924,79.32,one-time
4925,25.6,one-time
4926,10,one-time
4927,93.49,one-time
4928,26.33,recurring
4929,175.8,one-time
4930,80.82,one-time
4931,11.58,one-time
4932,97.92,one-time
4933,28.4,one-time
4934,100.85,one-time
4935,39.09,one-time
4936,34.59,one-time
4937,102.04,one-time
4938,311.23,one-time
4939,13.83,one-time
4940,46.65,one-time
4941,98.77,one-time
4942,34.37,one-time
4943,59.78,one-time
4944,12,one-time
4945,5.14,one-time
4946,127.74, 
4947,91.6,one-time
4948,61.05,one-time
4949,31.93,one-time
4950,40.34,one-time
4951,113.71,one-time
4952,103.93,one-time
4953,119.39,one-time
4954,57.3,recurring
4955,52.75,one-time
4956,67.4,one-time
4957,7.79,one-time
4958,23.74,recurring
4959,84.67,one-time
4960,26.29,one-time
4961,25.12,one-time
4962,50.72,one-time
4963,92.54,recurring
4964,50.11, 
4965,199.63,one-time
4966,72.53,one-time
4967,69.16,one-time
4968,57.3,recurring
4969,55,recurring
4970,50.72,one-time
4971,49.48,one-time
4972,57.3,recurring
4973,205.68,one-time
4974,70.2,one-time
4975,16.4,one-time
4976,52.3,one-time
4977,64.08,one-time
4978,66.13, 
4979,6.88,one-time
4980,81.45,one-time
4981,60.17,one-time
4982,145.34,one-time
4983,16.79,one-time
4984,65.52,recurring
4985,159.59,one-time
4986,128.1,one-time
4987,55,recurring
4988,89.8,one-time
4989,67.1,recurring
4990,28.33,one-time
4991,18.52,one-time
4992,125.7,one-time
4993,51.19,one-time
4994,26.19,one-time
4995,133.37,one-time
4996,66.15,one-time
4997,118.85,one-time
4998,21.08,one-time
4999,82.45,one-time
5000,98.01,one-time